[2026-04-05 09:34 PM IST] [SYSTEM] 🚀 Jarvis Autonomous Watcher v1.0 STARTED
[2026-04-05 09:34 PM IST] [TASK] Market Intelligence scan starting...
[2026-04-05 09:34 PM IST] [ALERT] Market intelligence alert sent
[2026-04-05 09:34 PM IST] [TASK] Content ideation scan...
[2026-04-05 09:34 PM IST] [ALERT] Content idea sent
[2026-04-05 09:34 PM IST] [TASK] Competitor watch scan...
[2026-04-05 09:34 PM IST] [ALERT] Competitor alert sent
[2026-04-05 09:34 PM IST] [TASK] Strategic insight scan...
[2026-04-05 09:34 PM IST] [ALERT] Business insight sent
[2026-04-05 09:36 PM IST] [TASK] Market Intelligence scan starting...
[2026-04-05 09:36 PM IST] [TASK] Market update — cooldown active, skipped alert
[2026-04-05 09:37 PM IST] [TASK] Content ideation scan...
[2026-04-05 09:38 PM IST] [TASK] Competitor watch scan...
[2026-04-05 09:38 PM IST] [TASK] Market Intelligence scan starting...
[2026-04-05 09:38 PM IST] [TASK] Market update — cooldown active, skipped alert
[2026-04-05 09:40 PM IST] [TASK] Strategic insight scan...
[2026-04-05 09:40 PM IST] [TASK] Market Intelligence scan starting...
[2026-04-05 09:40 PM IST] [TASK] Market update — cooldown active, skipped alert
[2026-04-05 09:40 PM IST] [TASK] Content ideation scan...
[2026-04-05 09:42 PM IST] [TASK] Competitor watch scan...
[2026-04-05 09:43 PM IST] [TASK] Market Intelligence scan starting...
[2026-04-05 09:43 PM IST] [TASK] Market update — cooldown active, skipped alert
[2026-04-05 09:44 PM IST] [TASK] Content ideation scan...
[2026-04-05 09:45 PM IST] [TASK] Market Intelligence scan starting...
[2026-04-05 09:45 PM IST] [TASK] Market update — cooldown active, skipped alert
[2026-04-05 09:46 PM IST] [TASK] Strategic insight scan...
[2026-04-05 09:46 PM IST] [TASK] Competitor watch scan...
[2026-04-05 09:47 PM IST] [TASK] Market Intelligence scan starting...
[2026-04-05 09:47 PM IST] [TASK] Market update — cooldown active, skipped alert
[2026-04-05 09:47 PM IST] [TASK] Content ideation scan...
[2026-04-05 09:49 PM IST] [TASK] Market Intelligence scan starting...
[2026-04-05 09:49 PM IST] [TASK] Market update — cooldown active, skipped alert
[2026-04-05 09:50 PM IST] [TASK] Content ideation scan...
[2026-04-05 09:51 PM IST] [TASK] Competitor watch scan...
[2026-04-05 09:51 PM IST] [TASK] Market Intelligence scan starting...
[2026-04-05 09:51 PM IST] [TASK] Market update — cooldown active, skipped alert
[2026-04-05 09:52 PM IST] [TASK] Strategic insight scan...
[2026-04-05 09:54 PM IST] [TASK] Market Intelligence scan starting...
[2026-04-05 09:54 PM IST] [TASK] Market update — cooldown active, skipped alert
[2026-04-05 09:54 PM IST] [TASK] Content ideation scan...
[2026-04-05 09:55 PM IST] [TASK] Competitor watch scan...
[2026-04-05 09:56 PM IST] [TASK] Market Intelligence scan starting...
[2026-04-05 09:56 PM IST] [TASK] Market update — cooldown active, skipped alert
[2026-04-05 09:57 PM IST] [TASK] Content ideation scan...
[2026-04-05 09:58 PM IST] [TASK] Market Intelligence scan starting...
[2026-04-05 09:58 PM IST] [TASK] Market update — cooldown active, skipped alert
[2026-04-05 09:58 PM IST] [TASK] Strategic insight scan...
[2026-04-05 10:00 PM IST] [TASK] Competitor watch scan...
[2026-04-05 10:00 PM IST] [TASK] Market Intelligence scan starting...
[2026-04-05 10:00 PM IST] [TASK] Market update — cooldown active, skipped alert
[2026-04-05 10:00 PM IST] [TASK] Content ideation scan...
[2026-04-05 10:02 PM IST] [TASK] Market Intelligence scan starting...
[2026-04-05 10:02 PM IST] [TASK] Market update — cooldown active, skipped alert
[2026-04-05 10:03 PM IST] [TASK] Content ideation scan...
[2026-04-05 10:04 PM IST] [TASK] Competitor watch scan...
[2026-04-05 10:05 PM IST] [TASK] Market Intelligence scan starting...
[2026-04-05 10:05 PM IST] [TASK] Market update — cooldown active, skipped alert
[2026-04-05 10:05 PM IST] [TASK] Strategic insight scan...
[2026-04-05 10:07 PM IST] [TASK] Market Intelligence scan starting...
[2026-04-05 10:07 PM IST] [TASK] Market update — cooldown active, skipped alert
[2026-04-05 10:07 PM IST] [TASK] Content ideation scan...
[2026-04-05 10:08 PM IST] [TASK] Competitor watch scan...
[2026-04-05 10:09 PM IST] [TASK] Market Intelligence scan starting...
[2026-04-05 10:09 PM IST] [TASK] Market update — cooldown active, skipped alert
[2026-04-05 10:10 PM IST] [TASK] Content ideation scan...
[2026-04-05 10:11 PM IST] [TASK] Strategic insight scan...
[2026-04-05 10:11 PM IST] [TASK] Market Intelligence scan starting...
[2026-04-05 10:11 PM IST] [TASK] Market update — cooldown active, skipped alert
[2026-04-05 10:13 PM IST] [TASK] Competitor watch scan...
[2026-04-05 10:14 PM IST] [TASK] Market Intelligence scan starting...
[2026-04-05 10:14 PM IST] [TASK] Market update — cooldown active, skipped alert
[2026-04-05 10:14 PM IST] [TASK] Content ideation scan...
[2026-04-05 10:16 PM IST] [TASK] Market Intelligence scan starting...
[2026-04-05 10:16 PM IST] [TASK] Market update — cooldown active, skipped alert
[2026-04-05 10:17 PM IST] [TASK] Content ideation scan...
[2026-04-05 10:17 PM IST] [TASK] Competitor watch scan...
[2026-04-05 10:17 PM IST] [TASK] Strategic insight scan...
[2026-04-05 10:18 PM IST] [TASK] Market Intelligence scan starting...
[2026-04-05 10:18 PM IST] [TASK] Market update — cooldown active, skipped alert
[2026-04-05 10:20 PM IST] [TASK] Market Intelligence scan starting...
[2026-04-05 10:20 PM IST] [TASK] Market update — cooldown active, skipped alert
[2026-04-05 10:20 PM IST] [TASK] Content ideation scan...
[2026-04-05 10:22 PM IST] [TASK] Competitor watch scan...
[2026-04-05 10:22 PM IST] [TASK] Market Intelligence scan starting...
[2026-04-05 10:22 PM IST] [TASK] Market update — cooldown active, skipped alert
[2026-04-05 10:23 PM IST] [TASK] Content ideation scan...
[2026-04-05 10:23 PM IST] [TASK] Strategic insight scan...
[2026-04-05 10:25 PM IST] [TASK] Market Intelligence scan starting...
[2026-04-05 10:25 PM IST] [TASK] Market update — cooldown active, skipped alert
[2026-04-05 10:26 PM IST] [TASK] Competitor watch scan...
[2026-04-05 10:27 PM IST] [TASK] Market Intelligence scan starting...
[2026-04-05 10:27 PM IST] [TASK] Market update — cooldown active, skipped alert
[2026-04-05 10:27 PM IST] [TASK] Content ideation scan...
[2026-04-05 10:29 PM IST] [TASK] Market Intelligence scan starting...
[2026-04-05 10:29 PM IST] [TASK] Market update — cooldown active, skipped alert
[2026-04-05 10:29 PM IST] [TASK] Strategic insight scan...
[2026-04-05 10:30 PM IST] [TASK] Content ideation scan...
[2026-04-05 10:31 PM IST] [TASK] Competitor watch scan...
[2026-04-05 10:31 PM IST] [ALERT] Competitor alert sent
[2026-04-05 10:31 PM IST] [TASK] Market Intelligence scan starting...
[2026-04-05 10:31 PM IST] [ALERT] Market intelligence alert sent
[2026-04-05 10:33 PM IST] [TASK] Market Intelligence scan starting...
[2026-04-05 10:33 PM IST] [TASK] Market update — cooldown active, skipped alert
[2026-04-05 10:33 PM IST] [TASK] Content ideation scan...
[2026-04-05 10:35 PM IST] [TASK] Competitor watch scan...
[2026-04-05 10:35 PM IST] [TASK] Market Intelligence scan starting...
[2026-04-05 10:36 PM IST] [TASK] Market update — cooldown active, skipped alert
[2026-04-05 10:36 PM IST] [TASK] Strategic insight scan...
[2026-04-05 10:37 PM IST] [TASK] Content ideation scan...
[2026-04-05 10:38 PM IST] [TASK] Market Intelligence scan starting...
[2026-04-05 10:38 PM IST] [TASK] Market update — cooldown active, skipped alert
[2026-04-05 10:39 PM IST] [TASK] Competitor watch scan...
[2026-04-05 10:40 PM IST] [TASK] Market Intelligence scan starting...
[2026-04-05 10:40 PM IST] [TASK] Market update — cooldown active, skipped alert
[2026-04-05 10:40 PM IST] [TASK] Content ideation scan...
[2026-04-05 10:42 PM IST] [TASK] Strategic insight scan...
[2026-04-05 10:42 PM IST] [TASK] Market Intelligence scan starting...
[2026-04-05 10:42 PM IST] [TASK] Market update — cooldown active, skipped alert
[2026-04-05 10:43 PM IST] [TASK] Content ideation scan...
[2026-04-05 10:44 PM IST] [TASK] Competitor watch scan...
[2026-04-05 10:44 PM IST] [TASK] Market Intelligence scan starting...
[2026-04-05 10:44 PM IST] [TASK] Market update — cooldown active, skipped alert
[2026-04-05 10:46 PM IST] [TASK] Market Intelligence scan starting...
[2026-04-05 10:47 PM IST] [TASK] Market update — cooldown active, skipped alert
[2026-04-05 10:47 PM IST] [TASK] Content ideation scan...
[2026-04-05 10:48 PM IST] [TASK] Strategic insight scan...
[2026-04-05 10:48 PM IST] [TASK] Competitor watch scan...
[2026-04-05 10:49 PM IST] [TASK] Market Intelligence scan starting...
[2026-04-05 10:49 PM IST] [TASK] Market update — cooldown active, skipped alert
[2026-04-05 10:49 PM IST] [TASK] Content ideation scan...
[2026-04-05 10:51 PM IST] [TASK] Market Intelligence scan starting...
[2026-04-05 10:51 PM IST] [TASK] Market update — cooldown active, skipped alert
[2026-04-05 10:53 PM IST] [TASK] Content ideation scan...
[2026-04-05 10:53 PM IST] [TASK] Competitor watch scan...
[2026-04-05 10:53 PM IST] [TASK] Market Intelligence scan starting...
[2026-04-05 10:53 PM IST] [TASK] Market update — cooldown active, skipped alert
[2026-04-05 10:54 PM IST] [TASK] Strategic insight scan...
[2026-04-05 10:55 PM IST] [TASK] Market Intelligence scan starting...
[2026-04-05 10:56 PM IST] [TASK] Market update — cooldown active, skipped alert
[2026-04-05 10:56 PM IST] [TASK] Content ideation scan...
[2026-04-05 10:57 PM IST] [TASK] Competitor watch scan...
[2026-04-05 10:58 PM IST] [TASK] Market Intelligence scan starting...
[2026-04-05 10:58 PM IST] [TASK] Market update — cooldown active, skipped alert
[2026-04-05 10:59 PM IST] [TASK] Content ideation scan...
[2026-04-05 11:00 PM IST] [TASK] Market Intelligence scan starting...
[2026-04-05 11:00 PM IST] [TASK] Market update — cooldown active, skipped alert
[2026-04-05 11:00 PM IST] [TASK] Strategic insight scan...
[2026-04-05 11:02 PM IST] [TASK] Competitor watch scan...
[2026-04-05 11:02 PM IST] [TASK] Market Intelligence scan starting...
[2026-04-05 11:02 PM IST] [TASK] Market update — cooldown active, skipped alert
[2026-04-05 11:03 PM IST] [TASK] Content ideation scan...
[2026-04-05 11:04 PM IST] [TASK] Market Intelligence scan starting...
[2026-04-05 11:04 PM IST] [TASK] Market update — cooldown active, skipped alert
[2026-04-05 11:06 PM IST] [TASK] Content ideation scan...
[2026-04-05 11:06 PM IST] [TASK] Competitor watch scan...
[2026-04-05 11:07 PM IST] [TASK] Market Intelligence scan starting...
[2026-04-05 11:07 PM IST] [TASK] Market update — cooldown active, skipped alert
[2026-04-05 11:07 PM IST] [TASK] Strategic insight scan...
[2026-04-05 11:09 PM IST] [TASK] Market Intelligence scan starting...
[2026-04-05 11:09 PM IST] [TASK] Market update — cooldown active, skipped alert
[2026-04-05 11:09 PM IST] [TASK] Content ideation scan...
[2026-04-05 11:10 PM IST] [TASK] Competitor watch scan...
[2026-04-05 11:11 PM IST] [TASK] Market Intelligence scan starting...
[2026-04-05 11:11 PM IST] [TASK] Market update — cooldown active, skipped alert
[2026-04-05 11:13 PM IST] [TASK] Content ideation scan...
[2026-04-05 11:13 PM IST] [TASK] Strategic insight scan...
[2026-04-05 11:13 PM IST] [TASK] Market Intelligence scan starting...
[2026-04-05 11:13 PM IST] [TASK] Market update — cooldown active, skipped alert
[2026-04-05 11:14 PM IST] [TASK] Competitor watch scan...
[2026-04-05 11:15 PM IST] [TASK] Market Intelligence scan starting...
[2026-04-05 11:16 PM IST] [TASK] Market update — cooldown active, skipped alert
[2026-04-05 11:16 PM IST] [TASK] Content ideation scan...
[2026-04-05 11:18 PM IST] [TASK] Market Intelligence scan starting...
[2026-04-05 11:18 PM IST] [TASK] Market update — cooldown active, skipped alert
[2026-04-05 11:19 PM IST] [TASK] Competitor watch scan...
[2026-04-05 11:19 PM IST] [TASK] Strategic insight scan...
[2026-04-05 11:20 PM IST] [MISTRAL] API error: The read operation timed out
[2026-04-05 11:20 PM IST] [TASK] Market Intelligence scan starting...
[2026-04-05 11:21 PM IST] [MISTRAL] API error: The read operation timed out
[2026-04-05 11:21 PM IST] [TASK] Content ideation scan...
[2026-04-05 11:21 PM IST] [MISTRAL] API error: The read operation timed out
[2026-04-05 11:22 PM IST] [TASK] Market Intelligence scan starting...
[2026-04-05 11:23 PM IST] [MISTRAL] API error: The read operation timed out
[2026-04-05 11:23 PM IST] [TASK] Content ideation scan...
[2026-04-05 11:24 PM IST] [MISTRAL] API error: The read operation timed out
[2026-04-05 11:24 PM IST] [TASK] Competitor watch scan...
[2026-04-05 11:24 PM IST] [MISTRAL] API error: The read operation timed out
[2026-04-05 11:25 PM IST] [TASK] Market Intelligence scan starting...
[2026-04-05 11:25 PM IST] [MISTRAL] API error: The read operation timed out
[2026-04-05 11:25 PM IST] [TASK] Strategic insight scan...
[2026-04-05 11:26 PM IST] [MISTRAL] API error: The read operation timed out
[2026-04-05 11:26 PM IST] [TASK] Content ideation scan...
[2026-04-05 11:27 PM IST] [TASK] Market Intelligence scan starting...
[2026-04-05 11:28 PM IST] [TASK] Market update — cooldown active, skipped alert
[2026-04-05 11:28 PM IST] [TASK] Competitor watch scan...
[2026-04-05 11:28 PM IST] [MISTRAL] API error: HTTP Error 429: Too Many Requests
[2026-04-05 11:30 PM IST] [TASK] Market Intelligence scan starting...
[2026-04-05 11:30 PM IST] [ALERT] Market intelligence alert sent
[2026-04-05 11:30 PM IST] [TASK] Content ideation scan...
[2026-04-05 11:31 PM IST] [TASK] Strategic insight scan...
[2026-04-05 11:32 PM IST] [TASK] Market Intelligence scan starting...
[2026-04-05 11:32 PM IST] [TASK] Market update — cooldown active, skipped alert
[2026-04-05 11:32 PM IST] [TASK] Competitor watch scan...
[2026-04-05 11:33 PM IST] [ALERT] Competitor alert sent
[2026-04-05 11:33 PM IST] [TASK] Content ideation scan...
[2026-04-05 11:34 PM IST] [TASK] Market Intelligence scan starting...
[2026-04-05 11:34 PM IST] [TASK] Market update — cooldown active, skipped alert
[2026-04-05 11:36 PM IST] [TASK] Market Intelligence scan starting...
[2026-04-05 11:37 PM IST] [MISTRAL] API error: The read operation timed out
[2026-04-05 11:37 PM IST] [TASK] Content ideation scan...
[2026-04-05 11:37 PM IST] [MISTRAL] API error: The read operation timed out
[2026-04-05 11:38 PM IST] [TASK] Competitor watch scan...
[2026-04-05 11:38 PM IST] [TASK] Strategic insight scan...
[2026-04-05 11:39 PM IST] [MISTRAL] API error: The read operation timed out
[2026-04-05 11:39 PM IST] [TASK] Market Intelligence scan starting...
[2026-04-05 11:40 PM IST] [MISTRAL] API error: The read operation timed out
[2026-04-05 11:40 PM IST] [TASK] Content ideation scan...
[2026-04-05 11:41 PM IST] [TASK] Market Intelligence scan starting...
[2026-04-05 11:42 PM IST] [MISTRAL] API error: The read operation timed out
[2026-04-05 11:42 PM IST] [TASK] Competitor watch scan...
[2026-04-05 11:43 PM IST] [MISTRAL] API error: The read operation timed out
[2026-04-05 11:43 PM IST] [TASK] Market Intelligence scan starting...
[2026-04-05 11:44 PM IST] [MISTRAL] API error: The read operation timed out
[2026-04-05 11:44 PM IST] [TASK] Content ideation scan...
[2026-04-05 11:44 PM IST] [MISTRAL] API error: The read operation timed out
[2026-04-05 11:45 PM IST] [TASK] Strategic insight scan...
[2026-04-05 11:45 PM IST] [MISTRAL] API error: The read operation timed out
[2026-04-05 11:46 PM IST] [TASK] Market Intelligence scan starting...
[2026-04-05 11:46 PM IST] [MISTRAL] API error: The read operation timed out
[2026-04-05 11:47 PM IST] [TASK] Content ideation scan...
[2026-04-05 11:47 PM IST] [MISTRAL] API error: The read operation timed out
[2026-04-05 11:47 PM IST] [TASK] Competitor watch scan...
[2026-04-05 11:48 PM IST] [MISTRAL] API error: The read operation timed out
[2026-04-05 11:48 PM IST] [TASK] Market Intelligence scan starting...
[2026-04-05 11:49 PM IST] [MISTRAL] API error: The read operation timed out
[2026-04-05 11:50 PM IST] [TASK] Content ideation scan...
[2026-04-05 11:50 PM IST] [MISTRAL] API error: The read operation timed out
[2026-04-05 11:51 PM IST] [TASK] Market Intelligence scan starting...
[2026-04-05 11:51 PM IST] [TASK] Market update — cooldown active, skipped alert
[2026-04-05 11:51 PM IST] [TASK] Competitor watch scan...
[2026-04-05 11:52 PM IST] [MISTRAL] API error: The read operation timed out
[2026-04-05 11:52 PM IST] [TASK] Strategic insight scan...
[2026-04-05 11:52 PM IST] [MISTRAL] API error: The read operation timed out
[2026-04-05 11:53 PM IST] [TASK] Market Intelligence scan starting...
[2026-04-05 11:53 PM IST] [MISTRAL] API error: The read operation timed out
[2026-04-05 11:53 PM IST] [TASK] Content ideation scan...
[2026-04-05 11:55 PM IST] [TASK] Market Intelligence scan starting...
[2026-04-05 11:55 PM IST] [TASK] Market update — cooldown active, skipped alert
[2026-04-05 11:55 PM IST] [TASK] Competitor watch scan...
[2026-04-05 11:56 PM IST] [TASK] Content ideation scan...
[2026-04-05 11:57 PM IST] [TASK] Market Intelligence scan starting...
[2026-04-05 11:57 PM IST] [TASK] Market update — cooldown active, skipped alert
[2026-04-05 11:57 PM IST] [TASK] Strategic insight scan...
[2026-04-05 11:59 PM IST] [TASK] Content ideation scan...
[2026-04-06 12:00 AM IST] [TASK] Market Intelligence scan starting...
[2026-04-06 12:00 AM IST] [TASK] Market update — cooldown active, skipped alert
[2026-04-06 12:00 AM IST] [TASK] Competitor watch scan...
[2026-04-06 12:02 AM IST] [TASK] Market Intelligence scan starting...
[2026-04-06 12:02 AM IST] [TASK] Market update — cooldown active, skipped alert
[2026-04-06 12:02 AM IST] [TASK] Content ideation scan...
[2026-04-06 12:04 AM IST] [TASK] Strategic insight scan...
[2026-04-06 12:04 AM IST] [TASK] Market Intelligence scan starting...
[2026-04-06 12:04 AM IST] [TASK] Market update — cooldown active, skipped alert
[2026-04-06 12:04 AM IST] [TASK] Competitor watch scan...
[2026-04-06 12:06 AM IST] [TASK] Content ideation scan...
[2026-04-06 12:06 AM IST] [TASK] Market Intelligence scan starting...
[2026-04-06 12:07 AM IST] [TASK] Market update — cooldown active, skipped alert
[2026-04-06 12:09 AM IST] [TASK] Market Intelligence scan starting...
[2026-04-06 12:09 AM IST] [TASK] Market update — cooldown active, skipped alert
[2026-04-06 12:09 AM IST] [TASK] Competitor watch scan...
[2026-04-06 12:09 AM IST] [TASK] Content ideation scan...
[2026-04-06 12:10 AM IST] [TASK] Strategic insight scan...
[2026-04-06 12:11 AM IST] [TASK] Market Intelligence scan starting...
[2026-04-06 12:11 AM IST] [TASK] Market update — cooldown active, skipped alert
[2026-04-06 12:12 AM IST] [TASK] Content ideation scan...
[2026-04-06 12:13 AM IST] [TASK] Market Intelligence scan starting...
[2026-04-06 12:13 AM IST] [TASK] Market update — cooldown active, skipped alert
[2026-04-06 12:13 AM IST] [TASK] Competitor watch scan...
[2026-04-06 12:15 AM IST] [TASK] Market Intelligence scan starting...
[2026-04-06 12:15 AM IST] [TASK] Market update — cooldown active, skipped alert
[2026-04-06 12:16 AM IST] [TASK] Content ideation scan...
[2026-04-06 12:16 AM IST] [TASK] Strategic insight scan...
[2026-04-06 12:17 AM IST] [TASK] Competitor watch scan...
[2026-04-06 12:18 AM IST] [TASK] Market Intelligence scan starting...
[2026-04-06 12:18 AM IST] [TASK] Market update — cooldown active, skipped alert
[2026-04-06 12:19 AM IST] [TASK] Content ideation scan...
[2026-04-06 12:20 AM IST] [TASK] Market Intelligence scan starting...
[2026-04-06 12:20 AM IST] [TASK] Market update — cooldown active, skipped alert
[2026-04-06 12:22 AM IST] [TASK] Competitor watch scan...
[2026-04-06 12:22 AM IST] [TASK] Market Intelligence scan starting...
[2026-04-06 12:22 AM IST] [TASK] Market update — cooldown active, skipped alert
[2026-04-06 12:22 AM IST] [TASK] Strategic insight scan...
[2026-04-06 12:23 AM IST] [TASK] Content ideation scan...
[2026-04-06 12:25 AM IST] [TASK] Market Intelligence scan starting...
[2026-04-06 12:25 AM IST] [TASK] Market update — cooldown active, skipped alert
[2026-04-06 12:26 AM IST] [TASK] Competitor watch scan...
[2026-04-06 12:26 AM IST] [TASK] Content ideation scan...
[2026-04-06 12:27 AM IST] [TASK] Market Intelligence scan starting...
[2026-04-06 12:27 AM IST] [TASK] Market update — cooldown active, skipped alert
[2026-04-06 12:28 AM IST] [TASK] Strategic insight scan...
[2026-04-06 12:29 AM IST] [TASK] Market Intelligence scan starting...
[2026-04-06 12:29 AM IST] [TASK] Market update — cooldown active, skipped alert
[2026-04-06 12:29 AM IST] [TASK] Content ideation scan...
[2026-04-06 12:30 AM IST] [TASK] Competitor watch scan...
[2026-04-06 12:30 AM IST] [ALERT] Competitor alert sent
[2026-04-06 12:31 AM IST] [TASK] Market Intelligence scan starting...
[2026-04-06 12:31 AM IST] [ALERT] Market intelligence alert sent
[2026-04-06 12:33 AM IST] [TASK] Content ideation scan...
[2026-04-06 12:33 AM IST] [TASK] Market Intelligence scan starting...
[2026-04-06 12:33 AM IST] [TASK] Market update — cooldown active, skipped alert
[2026-04-06 12:34 AM IST] [TASK] Competitor watch scan...
[2026-04-06 12:34 AM IST] [TASK] Strategic insight scan...
[2026-04-06 12:36 AM IST] [TASK] Market Intelligence scan starting...
[2026-04-06 12:36 AM IST] [TASK] Market update — cooldown active, skipped alert
[2026-04-06 12:36 AM IST] [TASK] Content ideation scan...
[2026-04-06 12:38 AM IST] [TASK] Market Intelligence scan starting...
[2026-04-06 12:38 AM IST] [TASK] Market update — cooldown active, skipped alert
[2026-04-06 12:39 AM IST] [TASK] Competitor watch scan...
[2026-04-06 12:39 AM IST] [TASK] Content ideation scan...
[2026-04-06 12:40 AM IST] [TASK] Market Intelligence scan starting...
[2026-04-06 12:40 AM IST] [TASK] Market update — cooldown active, skipped alert
[2026-04-06 12:41 AM IST] [TASK] Strategic insight scan...
[2026-04-06 12:42 AM IST] [TASK] Market Intelligence scan starting...
[2026-04-06 12:42 AM IST] [TASK] Market update — cooldown active, skipped alert
[2026-04-06 12:43 AM IST] [TASK] Content ideation scan...
[2026-04-06 12:43 AM IST] [TASK] Competitor watch scan...
[2026-04-06 12:44 AM IST] [TASK] Market Intelligence scan starting...
[2026-04-06 12:45 AM IST] [TASK] Market update — cooldown active, skipped alert
[2026-04-06 12:46 AM IST] [TASK] Content ideation scan...
[2026-04-06 12:47 AM IST] [TASK] Market Intelligence scan starting...
[2026-04-06 12:47 AM IST] [TASK] Market update — cooldown active, skipped alert
[2026-04-06 12:47 AM IST] [TASK] Strategic insight scan...
[2026-04-06 12:48 AM IST] [TASK] Competitor watch scan...
[2026-04-06 12:49 AM IST] [TASK] Market Intelligence scan starting...
[2026-04-06 12:49 AM IST] [TASK] Market update — cooldown active, skipped alert
[2026-04-06 12:49 AM IST] [TASK] Content ideation scan...
[2026-04-06 12:51 AM IST] [TASK] Market Intelligence scan starting...
[2026-04-06 12:51 AM IST] [TASK] Market update — cooldown active, skipped alert
[2026-04-06 12:52 AM IST] [TASK] Competitor watch scan...
[2026-04-06 12:53 AM IST] [TASK] Content ideation scan...
[2026-04-06 12:53 AM IST] [TASK] Market Intelligence scan starting...
[2026-04-06 12:53 AM IST] [TASK] Market update — cooldown active, skipped alert
[2026-04-06 12:53 AM IST] [TASK] Strategic insight scan...
[2026-04-06 12:55 AM IST] [TASK] Market Intelligence scan starting...
[2026-04-06 12:56 AM IST] [TASK] Market update — cooldown active, skipped alert
[2026-04-06 12:56 AM IST] [TASK] Content ideation scan...
[2026-04-06 12:57 AM IST] [TASK] Competitor watch scan...
[2026-04-06 12:58 AM IST] [TASK] Market Intelligence scan starting...
[2026-04-06 12:58 AM IST] [TASK] Market update — cooldown active, skipped alert
[2026-04-06 12:59 AM IST] [TASK] Content ideation scan...
[2026-04-06 12:59 AM IST] [TASK] Strategic insight scan...
[2026-04-06 01:00 AM IST] [TASK] Market Intelligence scan starting...
[2026-04-06 01:00 AM IST] [TASK] Market update — cooldown active, skipped alert
[2026-04-06 01:01 AM IST] [TASK] Competitor watch scan...
[2026-04-06 01:02 AM IST] [TASK] Market Intelligence scan starting...
[2026-04-06 01:02 AM IST] [TASK] Market update — cooldown active, skipped alert
[2026-04-06 01:03 AM IST] [TASK] Content ideation scan...
[2026-04-06 01:04 AM IST] [TASK] Market Intelligence scan starting...
[2026-04-06 01:04 AM IST] [TASK] Market update — cooldown active, skipped alert
[2026-04-06 01:05 AM IST] [TASK] Competitor watch scan...
[2026-04-06 01:05 AM IST] [TASK] Strategic insight scan...
[2026-04-06 01:06 AM IST] [TASK] Content ideation scan...
[2026-04-06 01:07 AM IST] [TASK] Market Intelligence scan starting...
[2026-04-06 01:07 AM IST] [TASK] Market update — cooldown active, skipped alert
[2026-04-06 01:09 AM IST] [TASK] Market Intelligence scan starting...
[2026-04-06 01:09 AM IST] [TASK] Market update — cooldown active, skipped alert
[2026-04-06 01:09 AM IST] [TASK] Content ideation scan...
[2026-04-06 01:10 AM IST] [TASK] Competitor watch scan...
[2026-04-06 01:11 AM IST] [TASK] Market Intelligence scan starting...
[2026-04-06 01:11 AM IST] [TASK] Market update — cooldown active, skipped alert
[2026-04-06 01:12 AM IST] [TASK] Strategic insight scan...
[2026-04-06 01:13 AM IST] [TASK] Content ideation scan...
[2026-04-06 01:13 AM IST] [TASK] Market Intelligence scan starting...
[2026-04-06 01:13 AM IST] [TASK] Market update — cooldown active, skipped alert
[2026-04-06 01:14 AM IST] [TASK] Competitor watch scan...
[2026-04-06 01:15 AM IST] [TASK] Market Intelligence scan starting...
[2026-04-06 01:15 AM IST] [TASK] Market update — cooldown active, skipped alert
[2026-04-06 01:16 AM IST] [TASK] Content ideation scan...
[2026-04-06 01:18 AM IST] [TASK] Market Intelligence scan starting...
[2026-04-06 01:18 AM IST] [TASK] Market update — cooldown active, skipped alert
[2026-04-06 01:18 AM IST] [TASK] Strategic insight scan...
[2026-04-06 01:19 AM IST] [TASK] Competitor watch scan...
[2026-04-06 01:19 AM IST] [TASK] Content ideation scan...
[2026-04-06 01:20 AM IST] [TASK] Market Intelligence scan starting...
[2026-04-06 01:20 AM IST] [TASK] Market update — cooldown active, skipped alert
[2026-04-06 01:22 AM IST] [TASK] Market Intelligence scan starting...
[2026-04-06 01:22 AM IST] [TASK] Market update — cooldown active, skipped alert
[2026-04-06 01:22 AM IST] [TASK] Content ideation scan...
[2026-04-06 01:23 AM IST] [TASK] Competitor watch scan...
[2026-04-06 01:24 AM IST] [TASK] Market Intelligence scan starting...
[2026-04-06 01:24 AM IST] [TASK] Market update — cooldown active, skipped alert
[2026-04-06 01:24 AM IST] [TASK] Strategic insight scan...
[2026-04-06 01:26 AM IST] [TASK] Content ideation scan...
[2026-04-06 01:26 AM IST] [TASK] Market Intelligence scan starting...
[2026-04-06 01:27 AM IST] [TASK] Market update — cooldown active, skipped alert
[2026-04-06 01:28 AM IST] [TASK] Competitor watch scan...
[2026-04-06 01:29 AM IST] [TASK] Market Intelligence scan starting...
[2026-04-06 01:29 AM IST] [TASK] Market update — cooldown active, skipped alert
[2026-04-06 01:29 AM IST] [TASK] Content ideation scan...
[2026-04-06 01:30 AM IST] [TASK] Strategic insight scan...
[2026-04-06 01:31 AM IST] [TASK] Market Intelligence scan starting...
[2026-04-06 01:31 AM IST] [ALERT] Market intelligence alert sent
[2026-04-06 01:32 AM IST] [TASK] Competitor watch scan...
[2026-04-06 01:32 AM IST] [ALERT] Competitor alert sent
[2026-04-06 01:33 AM IST] [TASK] Content ideation scan...
[2026-04-06 01:33 AM IST] [TASK] Market Intelligence scan starting...
[2026-04-06 01:33 AM IST] [TASK] Market update — cooldown active, skipped alert
[2026-04-06 01:35 AM IST] [TASK] Market Intelligence scan starting...
[2026-04-06 01:35 AM IST] [TASK] Market update — cooldown active, skipped alert
[2026-04-06 01:36 AM IST] [TASK] Content ideation scan...
[2026-04-06 01:36 AM IST] [TASK] Competitor watch scan...
[2026-04-06 01:36 AM IST] [TASK] Strategic insight scan...
[2026-04-06 01:38 AM IST] [TASK] Market Intelligence scan starting...
[2026-04-06 01:38 AM IST] [TASK] Market update — cooldown active, skipped alert
[2026-04-06 01:39 AM IST] [TASK] Content ideation scan...
[2026-04-06 01:40 AM IST] [TASK] Market Intelligence scan starting...
[2026-04-06 01:40 AM IST] [TASK] Market update — cooldown active, skipped alert
[2026-04-06 01:41 AM IST] [TASK] Competitor watch scan...
[2026-04-06 01:42 AM IST] [TASK] Market Intelligence scan starting...
[2026-04-06 01:42 AM IST] [TASK] Market update — cooldown active, skipped alert
[2026-04-06 01:42 AM IST] [TASK] Content ideation scan...
[2026-04-06 01:42 AM IST] [TASK] Strategic insight scan...
[2026-04-06 01:44 AM IST] [TASK] Market Intelligence scan starting...
[2026-04-06 01:44 AM IST] [TASK] Market update — cooldown active, skipped alert
[2026-04-06 01:45 AM IST] [TASK] Competitor watch scan...
[2026-04-06 01:46 AM IST] [TASK] Content ideation scan...
[2026-04-06 01:46 AM IST] [TASK] Market Intelligence scan starting...
[2026-04-06 01:46 AM IST] [TASK] Market update — cooldown active, skipped alert
[2026-04-06 01:48 AM IST] [TASK] Market Intelligence scan starting...
[2026-04-06 01:48 AM IST] [TASK] Market update — cooldown active, skipped alert
[2026-04-06 01:49 AM IST] [TASK] Content ideation scan...
[2026-04-06 01:49 AM IST] [TASK] Strategic insight scan...
[2026-04-06 01:50 AM IST] [TASK] Competitor watch scan...
[2026-04-06 01:51 AM IST] [TASK] Market Intelligence scan starting...
[2026-04-06 01:51 AM IST] [TASK] Market update — cooldown active, skipped alert
[2026-04-06 01:52 AM IST] [TASK] Content ideation scan...
[2026-04-06 01:53 AM IST] [TASK] Market Intelligence scan starting...
[2026-04-06 01:53 AM IST] [TASK] Market update — cooldown active, skipped alert
[2026-04-06 01:54 AM IST] [TASK] Competitor watch scan...
[2026-04-06 01:55 AM IST] [TASK] Market Intelligence scan starting...
[2026-04-06 01:55 AM IST] [TASK] Market update — cooldown active, skipped alert
[2026-04-06 01:55 AM IST] [TASK] Strategic insight scan...
[2026-04-06 01:56 AM IST] [TASK] Content ideation scan...
[2026-04-06 01:57 AM IST] [TASK] Market Intelligence scan starting...
[2026-04-06 01:57 AM IST] [TASK] Market update — cooldown active, skipped alert
[2026-04-06 01:58 AM IST] [TASK] Competitor watch scan...
[2026-04-06 01:59 AM IST] [TASK] Content ideation scan...
[2026-04-06 01:59 AM IST] [TASK] Market Intelligence scan starting...
[2026-04-06 02:00 AM IST] [TASK] Market update — cooldown active, skipped alert
[2026-04-06 02:01 AM IST] [TASK] Strategic insight scan...
[2026-04-06 02:02 AM IST] [TASK] Market Intelligence scan starting...
[2026-04-06 02:02 AM IST] [TASK] Market update — cooldown active, skipped alert
[2026-04-06 02:02 AM IST] [TASK] Content ideation scan...
[2026-04-06 02:03 AM IST] [TASK] Competitor watch scan...
[2026-04-06 02:04 AM IST] [TASK] Market Intelligence scan starting...
[2026-04-06 02:04 AM IST] [TASK] Market update — cooldown active, skipped alert
[2026-04-06 02:05 AM IST] [TASK] Content ideation scan...
[2026-04-06 02:06 AM IST] [TASK] Market Intelligence scan starting...
[2026-04-06 02:06 AM IST] [TASK] Market update — cooldown active, skipped alert
[2026-04-06 02:07 AM IST] [TASK] Competitor watch scan...
[2026-04-06 02:07 AM IST] [TASK] Strategic insight scan...
[2026-04-06 02:08 AM IST] [TASK] Market Intelligence scan starting...
[2026-04-06 02:08 AM IST] [TASK] Market update — cooldown active, skipped alert
[2026-04-06 02:09 AM IST] [TASK] Content ideation scan...
[2026-04-06 02:10 AM IST] [TASK] Market Intelligence scan starting...
[2026-04-06 02:11 AM IST] [TASK] Market update — cooldown active, skipped alert
[2026-04-06 02:12 AM IST] [TASK] Competitor watch scan...
[2026-04-06 02:12 AM IST] [TASK] Content ideation scan...
[2026-04-06 02:13 AM IST] [TASK] Market Intelligence scan starting...
[2026-04-06 02:13 AM IST] [TASK] Market update — cooldown active, skipped alert
[2026-04-06 02:13 AM IST] [TASK] Strategic insight scan...
[2026-04-06 02:15 AM IST] [TASK] Market Intelligence scan starting...
[2026-04-06 02:15 AM IST] [TASK] Market update — cooldown active, skipped alert
[2026-04-06 02:15 AM IST] [TASK] Content ideation scan...
[2026-04-06 02:16 AM IST] [TASK] Competitor watch scan...
[2026-04-06 02:17 AM IST] [TASK] Market Intelligence scan starting...
[2026-04-06 02:17 AM IST] [TASK] Market update — cooldown active, skipped alert
[2026-04-06 02:19 AM IST] [TASK] Content ideation scan...
[2026-04-06 02:19 AM IST] [TASK] Market Intelligence scan starting...
[2026-04-06 02:19 AM IST] [TASK] Market update — cooldown active, skipped alert
[2026-04-06 02:20 AM IST] [TASK] Strategic insight scan...
[2026-04-06 02:20 AM IST] [TASK] Competitor watch scan...
[2026-04-06 02:22 AM IST] [TASK] Market Intelligence scan starting...
[2026-04-06 02:22 AM IST] [TASK] Market update — cooldown active, skipped alert
[2026-04-06 02:22 AM IST] [TASK] Content ideation scan...
[2026-04-06 02:24 AM IST] [TASK] Market Intelligence scan starting...
[2026-04-06 02:24 AM IST] [TASK] Market update — cooldown active, skipped alert
[2026-04-06 02:25 AM IST] [TASK] Competitor watch scan...
[2026-04-06 02:25 AM IST] [MISTRAL] API error: HTTP Error 429: Too Many Requests
[2026-04-06 02:25 AM IST] [TASK] Content ideation scan...
[2026-04-06 02:25 AM IST] [MISTRAL] API error: HTTP Error 429: Too Many Requests
[2026-04-06 02:26 AM IST] [TASK] Market Intelligence scan starting...
[2026-04-06 02:26 AM IST] [TASK] Market update — cooldown active, skipped alert
[2026-04-06 02:26 AM IST] [TASK] Strategic insight scan...
[2026-04-06 02:28 AM IST] [TASK] Market Intelligence scan starting...
[2026-04-06 02:28 AM IST] [TASK] Market update — cooldown active, skipped alert
[2026-04-06 02:28 AM IST] [TASK] Content ideation scan...
[2026-04-06 02:29 AM IST] [TASK] Competitor watch scan...
[2026-04-06 02:30 AM IST] [TASK] Market Intelligence scan starting...
[2026-04-06 02:30 AM IST] [ALERT] Market intelligence alert sent
[2026-04-06 02:32 AM IST] [TASK] Content ideation scan...
[2026-04-06 02:32 AM IST] [TASK] Market Intelligence scan starting...
[2026-04-06 02:32 AM IST] [TASK] Market update — cooldown active, skipped alert
[2026-04-06 02:33 AM IST] [TASK] Strategic insight scan...
[2026-04-06 02:33 AM IST] [TASK] Competitor watch scan...
[2026-04-06 02:34 AM IST] [ALERT] Competitor alert sent
[2026-04-06 02:35 AM IST] [TASK] Market Intelligence scan starting...
[2026-04-06 02:35 AM IST] [TASK] Market update — cooldown active, skipped alert
[2026-04-06 02:35 AM IST] [TASK] Content ideation scan...
[2026-04-06 02:37 AM IST] [TASK] Market Intelligence scan starting...
[2026-04-06 02:37 AM IST] [TASK] Market update — cooldown active, skipped alert
[2026-04-06 02:38 AM IST] [TASK] Competitor watch scan...
[2026-04-06 02:38 AM IST] [TASK] Content ideation scan...
[2026-04-06 02:39 AM IST] [TASK] Market Intelligence scan starting...
[2026-04-06 02:39 AM IST] [TASK] Market update — cooldown active, skipped alert
[2026-04-06 02:39 AM IST] [TASK] Strategic insight scan...
[2026-04-06 02:41 AM IST] [TASK] Market Intelligence scan starting...
[2026-04-06 02:41 AM IST] [TASK] Market update — cooldown active, skipped alert
[2026-04-06 02:42 AM IST] [TASK] Content ideation scan...
[2026-04-06 02:42 AM IST] [MISTRAL] API error: The read operation timed out
[2026-04-06 02:43 AM IST] [TASK] Competitor watch scan...
[2026-04-06 02:43 AM IST] [TASK] Market Intelligence scan starting...
[2026-04-06 02:43 AM IST] [TASK] Market update — cooldown active, skipped alert
[2026-04-06 02:45 AM IST] [TASK] Content ideation scan...
[2026-04-06 02:45 AM IST] [TASK] Market Intelligence scan starting...
[2026-04-06 02:45 AM IST] [TASK] Market update — cooldown active, skipped alert
[2026-04-06 02:45 AM IST] [TASK] Strategic insight scan...
[2026-04-06 02:47 AM IST] [TASK] Competitor watch scan...
[2026-04-06 02:48 AM IST] [TASK] Market Intelligence scan starting...
[2026-04-06 02:48 AM IST] [TASK] Market update — cooldown active, skipped alert
[2026-04-06 02:48 AM IST] [TASK] Content ideation scan...
[2026-04-06 02:50 AM IST] [TASK] Market Intelligence scan starting...
[2026-04-06 02:50 AM IST] [TASK] Market update — cooldown active, skipped alert
[2026-04-06 02:51 AM IST] [TASK] Content ideation scan...
[2026-04-06 02:51 AM IST] [TASK] Competitor watch scan...
[2026-04-06 02:52 AM IST] [TASK] Market Intelligence scan starting...
[2026-04-06 02:52 AM IST] [TASK] Market update — cooldown active, skipped alert
[2026-04-06 02:52 AM IST] [TASK] Strategic insight scan...
[2026-04-06 02:54 AM IST] [TASK] Market Intelligence scan starting...
[2026-04-06 02:54 AM IST] [TASK] Market update — cooldown active, skipped alert
[2026-04-06 02:55 AM IST] [TASK] Content ideation scan...
[2026-04-06 02:55 AM IST] [TASK] Competitor watch scan...
[2026-04-06 02:57 AM IST] [TASK] Market Intelligence scan starting...
[2026-04-06 02:57 AM IST] [TASK] Market update — cooldown active, skipped alert
[2026-04-06 02:58 AM IST] [TASK] Content ideation scan...
[2026-04-06 02:59 AM IST] [TASK] Market Intelligence scan starting...
[2026-04-06 02:59 AM IST] [TASK] Market update — cooldown active, skipped alert
[2026-04-06 02:59 AM IST] [TASK] Strategic insight scan...
[2026-04-06 03:00 AM IST] [TASK] Competitor watch scan...
[2026-04-06 03:01 AM IST] [TASK] Market Intelligence scan starting...
[2026-04-06 03:01 AM IST] [TASK] Market update — cooldown active, skipped alert
[2026-04-06 03:01 AM IST] [TASK] Content ideation scan...
[2026-04-06 03:03 AM IST] [TASK] Market Intelligence scan starting...
[2026-04-06 03:03 AM IST] [TASK] Market update — cooldown active, skipped alert
[2026-04-06 03:04 AM IST] [TASK] Competitor watch scan...
[2026-04-06 03:05 AM IST] [TASK] Content ideation scan...
[2026-04-06 03:05 AM IST] [TASK] Strategic insight scan...
[2026-04-06 03:05 AM IST] [TASK] Market Intelligence scan starting...
[2026-04-06 03:05 AM IST] [TASK] Market update — cooldown active, skipped alert
[2026-04-06 03:07 AM IST] [TASK] Market Intelligence scan starting...
[2026-04-06 03:08 AM IST] [TASK] Market update — cooldown active, skipped alert
[2026-04-06 03:08 AM IST] [TASK] Content ideation scan...
[2026-04-06 03:09 AM IST] [TASK] Competitor watch scan...
[2026-04-06 03:10 AM IST] [TASK] Market Intelligence scan starting...
[2026-04-06 03:10 AM IST] [TASK] Market update — cooldown active, skipped alert
[2026-04-06 03:11 AM IST] [TASK] Strategic insight scan...
[2026-04-06 03:11 AM IST] [TASK] Content ideation scan...
[2026-04-06 03:12 AM IST] [TASK] Market Intelligence scan starting...
[2026-04-06 03:12 AM IST] [TASK] Market update — cooldown active, skipped alert
[2026-04-06 03:13 AM IST] [TASK] Competitor watch scan...
[2026-04-06 03:14 AM IST] [TASK] Market Intelligence scan starting...
[2026-04-06 03:14 AM IST] [TASK] Market update — cooldown active, skipped alert
[2026-04-06 03:15 AM IST] [TASK] Content ideation scan...
[2026-04-06 03:16 AM IST] [TASK] Market Intelligence scan starting...
[2026-04-06 03:16 AM IST] [TASK] Market update — cooldown active, skipped alert
[2026-04-06 03:17 AM IST] [TASK] Strategic insight scan...
[2026-04-06 03:17 AM IST] [TASK] Competitor watch scan...
[2026-04-06 03:18 AM IST] [TASK] Content ideation scan...
[2026-04-06 03:19 AM IST] [TASK] Market Intelligence scan starting...
[2026-04-06 03:19 AM IST] [TASK] Market update — cooldown active, skipped alert
[2026-04-06 03:21 AM IST] [TASK] Market Intelligence scan starting...
[2026-04-06 03:21 AM IST] [TASK] Market update — cooldown active, skipped alert
[2026-04-06 03:21 AM IST] [TASK] Content ideation scan...
[2026-04-06 03:22 AM IST] [TASK] Competitor watch scan...
[2026-04-06 03:23 AM IST] [TASK] Market Intelligence scan starting...
[2026-04-06 03:23 AM IST] [TASK] Market update — cooldown active, skipped alert
[2026-04-06 03:23 AM IST] [TASK] Strategic insight scan...
[2026-04-06 03:25 AM IST] [TASK] Content ideation scan...
[2026-04-06 03:25 AM IST] [TASK] Market Intelligence scan starting...
[2026-04-06 03:25 AM IST] [TASK] Market update — cooldown active, skipped alert
[2026-04-06 03:26 AM IST] [TASK] Competitor watch scan...
[2026-04-06 03:27 AM IST] [TASK] Market Intelligence scan starting...
[2026-04-06 03:27 AM IST] [TASK] Market update — cooldown active, skipped alert
[2026-04-06 03:28 AM IST] [TASK] Content ideation scan...
[2026-04-06 03:29 AM IST] [TASK] Strategic insight scan...
[2026-04-06 03:30 AM IST] [TASK] Market Intelligence scan starting...
[2026-04-06 03:30 AM IST] [ALERT] Market intelligence alert sent
[2026-04-06 03:31 AM IST] [TASK] Competitor watch scan...
[2026-04-06 03:31 AM IST] [ALERT] Competitor alert sent
[2026-04-06 03:31 AM IST] [TASK] Content ideation scan...
[2026-04-06 03:32 AM IST] [TASK] Market Intelligence scan starting...
[2026-04-06 03:32 AM IST] [TASK] Market update — cooldown active, skipped alert
[2026-04-06 03:34 AM IST] [TASK] Market Intelligence scan starting...
[2026-04-06 03:34 AM IST] [TASK] Market update — cooldown active, skipped alert
[2026-04-06 03:34 AM IST] [TASK] Content ideation scan...
[2026-04-06 03:35 AM IST] [TASK] Competitor watch scan...
[2026-04-06 03:35 AM IST] [TASK] Strategic insight scan...
[2026-04-06 03:36 AM IST] [TASK] Market Intelligence scan starting...
[2026-04-06 03:36 AM IST] [TASK] Market update — cooldown active, skipped alert
[2026-04-06 03:38 AM IST] [TASK] Content ideation scan...
[2026-04-06 03:38 AM IST] [TASK] Market Intelligence scan starting...
[2026-04-06 03:38 AM IST] [TASK] Market update — cooldown active, skipped alert
[2026-04-06 03:39 AM IST] [TASK] Competitor watch scan...
[2026-04-06 03:41 AM IST] [TASK] Market Intelligence scan starting...
[2026-04-06 03:41 AM IST] [TASK] Market update — cooldown active, skipped alert
[2026-04-06 03:41 AM IST] [TASK] Content ideation scan...
[2026-04-06 03:41 AM IST] [TASK] Strategic insight scan...
[2026-04-06 03:43 AM IST] [TASK] Market Intelligence scan starting...
[2026-04-06 03:43 AM IST] [TASK] Market update — cooldown active, skipped alert
[2026-04-06 03:44 AM IST] [TASK] Competitor watch scan...
[2026-04-06 03:44 AM IST] [TASK] Content ideation scan...
[2026-04-06 03:45 AM IST] [TASK] Market Intelligence scan starting...
[2026-04-06 03:45 AM IST] [TASK] Market update — cooldown active, skipped alert
[2026-04-06 03:47 AM IST] [TASK] Market Intelligence scan starting...
[2026-04-06 03:47 AM IST] [TASK] Market update — cooldown active, skipped alert
[2026-04-06 03:48 AM IST] [TASK] Content ideation scan...
[2026-04-06 03:48 AM IST] [TASK] Strategic insight scan...
[2026-04-06 03:48 AM IST] [TASK] Competitor watch scan...
[2026-04-06 03:49 AM IST] [TASK] Market Intelligence scan starting...
[2026-04-06 03:49 AM IST] [TASK] Market update — cooldown active, skipped alert
[2026-04-06 03:51 AM IST] [TASK] Content ideation scan...
[2026-04-06 03:52 AM IST] [TASK] Market Intelligence scan starting...
[2026-04-06 03:52 AM IST] [TASK] Market update — cooldown active, skipped alert
[2026-04-06 03:53 AM IST] [TASK] Competitor watch scan...
[2026-04-06 03:54 AM IST] [TASK] Market Intelligence scan starting...
[2026-04-06 03:54 AM IST] [TASK] Market update — cooldown active, skipped alert
[2026-04-06 03:54 AM IST] [TASK] Strategic insight scan...
[2026-04-06 03:54 AM IST] [TASK] Content ideation scan...
[2026-04-06 03:56 AM IST] [TASK] Market Intelligence scan starting...
[2026-04-06 03:56 AM IST] [TASK] Market update — cooldown active, skipped alert
[2026-04-06 03:57 AM IST] [TASK] Competitor watch scan...
[2026-04-06 03:58 AM IST] [TASK] Content ideation scan...
[2026-04-06 03:58 AM IST] [TASK] Market Intelligence scan starting...
[2026-04-06 03:58 AM IST] [TASK] Market update — cooldown active, skipped alert
[2026-04-06 04:00 AM IST] [TASK] Strategic insight scan...
[2026-04-06 04:00 AM IST] [TASK] Market Intelligence scan starting...
[2026-04-06 04:00 AM IST] [TASK] Market update — cooldown active, skipped alert
[2026-04-06 04:01 AM IST] [TASK] Content ideation scan...
[2026-04-06 04:02 AM IST] [TASK] Competitor watch scan...
[2026-04-06 04:03 AM IST] [TASK] Market Intelligence scan starting...
[2026-04-06 04:03 AM IST] [TASK] Market update — cooldown active, skipped alert
[2026-04-06 04:04 AM IST] [TASK] Content ideation scan...
[2026-04-06 04:05 AM IST] [TASK] Market Intelligence scan starting...
[2026-04-06 04:05 AM IST] [TASK] Market update — cooldown active, skipped alert
[2026-04-06 04:06 AM IST] [TASK] Competitor watch scan...
[2026-04-06 04:06 AM IST] [TASK] Strategic insight scan...
[2026-04-06 04:07 AM IST] [TASK] Market Intelligence scan starting...
[2026-04-06 04:07 AM IST] [TASK] Market update — cooldown active, skipped alert
[2026-04-06 04:08 AM IST] [TASK] Content ideation scan...
[2026-04-06 04:09 AM IST] [TASK] Market Intelligence scan starting...
[2026-04-06 04:09 AM IST] [TASK] Market update — cooldown active, skipped alert
[2026-04-06 04:10 AM IST] [TASK] Competitor watch scan...
[2026-04-06 04:11 AM IST] [TASK] Content ideation scan...
[2026-04-06 04:11 AM IST] [TASK] Market Intelligence scan starting...
[2026-04-06 04:11 AM IST] [TASK] Market update — cooldown active, skipped alert
[2026-04-06 04:12 AM IST] [TASK] Strategic insight scan...
[2026-04-06 04:14 AM IST] [TASK] Market Intelligence scan starting...
[2026-04-06 04:14 AM IST] [TASK] Market update — cooldown active, skipped alert
[2026-04-06 04:14 AM IST] [TASK] Content ideation scan...
[2026-04-06 04:15 AM IST] [TASK] Competitor watch scan...
[2026-04-06 04:16 AM IST] [TASK] Market Intelligence scan starting...
[2026-04-06 04:16 AM IST] [TASK] Market update — cooldown active, skipped alert
[2026-04-06 04:17 AM IST] [TASK] Content ideation scan...
[2026-04-06 04:18 AM IST] [TASK] Market Intelligence scan starting...
[2026-04-06 04:18 AM IST] [TASK] Market update — cooldown active, skipped alert
[2026-04-06 04:19 AM IST] [TASK] Strategic insight scan...
[2026-04-06 04:19 AM IST] [TASK] Competitor watch scan...
[2026-04-06 04:20 AM IST] [TASK] Market Intelligence scan starting...
[2026-04-06 04:20 AM IST] [TASK] Market update — cooldown active, skipped alert
[2026-04-06 04:21 AM IST] [TASK] Content ideation scan...
[2026-04-06 04:22 AM IST] [TASK] Market Intelligence scan starting...
[2026-04-06 04:22 AM IST] [TASK] Market update — cooldown active, skipped alert
[2026-04-06 04:23 AM IST] [TASK] Competitor watch scan...
[2026-04-06 04:24 AM IST] [TASK] Content ideation scan...
[2026-04-06 04:25 AM IST] [TASK] Market Intelligence scan starting...
[2026-04-06 04:25 AM IST] [TASK] Market update — cooldown active, skipped alert
[2026-04-06 04:25 AM IST] [TASK] Strategic insight scan...
[2026-04-06 04:27 AM IST] [TASK] Market Intelligence scan starting...
[2026-04-06 04:27 AM IST] [TASK] Market update — cooldown active, skipped alert
[2026-04-06 04:27 AM IST] [TASK] Content ideation scan...
[2026-04-06 04:28 AM IST] [TASK] Competitor watch scan...
[2026-04-06 04:29 AM IST] [TASK] Market Intelligence scan starting...
[2026-04-06 04:29 AM IST] [TASK] Market update — cooldown active, skipped alert
[2026-04-06 04:31 AM IST] [TASK] Content ideation scan...
[2026-04-06 04:31 AM IST] [TASK] Strategic insight scan...
[2026-04-06 04:31 AM IST] [TASK] Market Intelligence scan starting...
[2026-04-06 04:31 AM IST] [ALERT] Market intelligence alert sent
[2026-04-06 04:32 AM IST] [TASK] Competitor watch scan...
[2026-04-06 04:32 AM IST] [ALERT] Competitor alert sent
[2026-04-06 04:33 AM IST] [TASK] Market Intelligence scan starting...
[2026-04-06 04:33 AM IST] [TASK] Market update — cooldown active, skipped alert
[2026-04-06 04:34 AM IST] [TASK] Content ideation scan...
[2026-04-06 04:36 AM IST] [TASK] Market Intelligence scan starting...
[2026-04-06 04:36 AM IST] [TASK] Market update — cooldown active, skipped alert
[2026-04-06 04:37 AM IST] [TASK] Competitor watch scan...
[2026-04-06 04:37 AM IST] [TASK] Strategic insight scan...
[2026-04-06 04:37 AM IST] [TASK] Content ideation scan...
[2026-04-06 04:38 AM IST] [TASK] Market Intelligence scan starting...
[2026-04-06 04:38 AM IST] [TASK] Market update — cooldown active, skipped alert
[2026-04-06 04:40 AM IST] [TASK] Market Intelligence scan starting...
[2026-04-06 04:40 AM IST] [TASK] Market update — cooldown active, skipped alert
[2026-04-06 04:41 AM IST] [TASK] Content ideation scan...
[2026-04-06 04:41 AM IST] [TASK] Competitor watch scan...
[2026-04-06 04:42 AM IST] [TASK] Market Intelligence scan starting...
[2026-04-06 04:42 AM IST] [TASK] Market update — cooldown active, skipped alert
[2026-04-06 04:43 AM IST] [TASK] Strategic insight scan...
[2026-04-06 04:44 AM IST] [TASK] Content ideation scan...
[2026-04-06 04:44 AM IST] [TASK] Market Intelligence scan starting...
[2026-04-06 04:45 AM IST] [TASK] Market update — cooldown active, skipped alert
[2026-04-06 04:46 AM IST] [TASK] Competitor watch scan...
[2026-04-06 04:47 AM IST] [TASK] Market Intelligence scan starting...
[2026-04-06 04:47 AM IST] [TASK] Market update — cooldown active, skipped alert
[2026-04-06 04:47 AM IST] [TASK] Content ideation scan...
[2026-04-06 04:49 AM IST] [TASK] Market Intelligence scan starting...
[2026-04-06 04:49 AM IST] [TASK] Market update — cooldown active, skipped alert
[2026-04-06 04:49 AM IST] [TASK] Strategic insight scan...
[2026-04-06 04:50 AM IST] [TASK] Competitor watch scan...
[2026-04-06 04:51 AM IST] [TASK] Content ideation scan...
[2026-04-06 04:51 AM IST] [TASK] Market Intelligence scan starting...
[2026-04-06 04:51 AM IST] [TASK] Market update — cooldown active, skipped alert
[2026-04-06 04:53 AM IST] [TASK] Market Intelligence scan starting...
[2026-04-06 04:53 AM IST] [TASK] Market update — cooldown active, skipped alert
[2026-04-06 04:54 AM IST] [TASK] Content ideation scan...
[2026-04-06 04:54 AM IST] [TASK] Competitor watch scan...
[2026-04-06 04:55 AM IST] [TASK] Strategic insight scan...
[2026-04-06 04:56 AM IST] [TASK] Market Intelligence scan starting...
[2026-04-06 04:56 AM IST] [TASK] Market update — cooldown active, skipped alert
[2026-04-06 04:57 AM IST] [TASK] Content ideation scan...
[2026-04-06 04:58 AM IST] [TASK] Market Intelligence scan starting...
[2026-04-06 04:58 AM IST] [TASK] Market update — cooldown active, skipped alert
[2026-04-06 04:59 AM IST] [TASK] Competitor watch scan...
[2026-04-06 05:00 AM IST] [TASK] Market Intelligence scan starting...
[2026-04-06 05:00 AM IST] [TASK] Market update — cooldown active, skipped alert
[2026-04-06 05:00 AM IST] [TASK] Content ideation scan...
[2026-04-06 05:01 AM IST] [TASK] Strategic insight scan...
[2026-04-06 05:02 AM IST] [TASK] Market Intelligence scan starting...
[2026-04-06 05:02 AM IST] [TASK] Market update — cooldown active, skipped alert
[2026-04-06 05:03 AM IST] [TASK] Competitor watch scan...
[2026-04-06 05:04 AM IST] [TASK] Content ideation scan...
[2026-04-06 05:05 AM IST] [TASK] Market Intelligence scan starting...
[2026-04-06 05:05 AM IST] [TASK] Market update — cooldown active, skipped alert
[2026-04-06 05:07 AM IST] [TASK] Market Intelligence scan starting...
[2026-04-06 05:07 AM IST] [TASK] Market update — cooldown active, skipped alert
[2026-04-06 05:07 AM IST] [TASK] Content ideation scan...
[2026-04-06 05:07 AM IST] [TASK] Competitor watch scan...
[2026-04-06 05:07 AM IST] [TASK] Strategic insight scan...
[2026-04-06 05:09 AM IST] [TASK] Market Intelligence scan starting...
[2026-04-06 05:09 AM IST] [TASK] Market update — cooldown active, skipped alert
[2026-04-06 05:10 AM IST] [TASK] Content ideation scan...
[2026-04-06 05:11 AM IST] [TASK] Market Intelligence scan starting...
[2026-04-06 05:11 AM IST] [TASK] Market update — cooldown active, skipped alert
[2026-04-06 05:12 AM IST] [TASK] Competitor watch scan...
[2026-04-06 05:13 AM IST] [TASK] Market Intelligence scan starting...
[2026-04-06 05:13 AM IST] [TASK] Market update — cooldown active, skipped alert
[2026-04-06 05:13 AM IST] [TASK] Content ideation scan...
[2026-04-06 05:14 AM IST] [TASK] Strategic insight scan...
[2026-04-06 05:16 AM IST] [TASK] Market Intelligence scan starting...
[2026-04-06 05:16 AM IST] [TASK] Market update — cooldown active, skipped alert
[2026-04-06 05:16 AM IST] [TASK] Competitor watch scan...
[2026-04-06 05:17 AM IST] [TASK] Content ideation scan...
[2026-04-06 05:18 AM IST] [TASK] Market Intelligence scan starting...
[2026-04-06 05:18 AM IST] [TASK] Market update — cooldown active, skipped alert
[2026-04-06 05:19 AM IST] [TASK] Strategic insight scan...
[2026-04-06 05:20 AM IST] [TASK] Market Intelligence scan starting...
[2026-04-06 05:20 AM IST] [TASK] Market update — cooldown active, skipped alert
[2026-04-06 05:20 AM IST] [TASK] Content ideation scan...
[2026-04-06 05:21 AM IST] [TASK] Competitor watch scan...
[2026-04-06 05:22 AM IST] [TASK] Market Intelligence scan starting...
[2026-04-06 05:22 AM IST] [TASK] Market update — cooldown active, skipped alert
[2026-04-06 05:23 AM IST] [TASK] Content ideation scan...
[2026-04-06 05:24 AM IST] [TASK] Market Intelligence scan starting...
[2026-04-06 05:24 AM IST] [TASK] Market update — cooldown active, skipped alert
[2026-04-06 05:25 AM IST] [TASK] Competitor watch scan...
[2026-04-06 05:26 AM IST] [TASK] Strategic insight scan...
[2026-04-06 05:27 AM IST] [TASK] Market Intelligence scan starting...
[2026-04-06 05:27 AM IST] [TASK] Market update — cooldown active, skipped alert
[2026-04-06 05:27 AM IST] [TASK] Content ideation scan...
[2026-04-06 05:29 AM IST] [TASK] Market Intelligence scan starting...
[2026-04-06 05:29 AM IST] [TASK] Market update — cooldown active, skipped alert
[2026-04-06 05:29 AM IST] [TASK] Competitor watch scan...
[2026-04-06 05:30 AM IST] [ALERT] Competitor alert sent
[2026-04-06 05:30 AM IST] [TASK] Content ideation scan...
[2026-04-06 05:30 AM IST] [ALERT] Content idea sent
[2026-04-06 05:31 AM IST] [TASK] Market Intelligence scan starting...
[2026-04-06 05:31 AM IST] [ALERT] Market intelligence alert sent
[2026-04-06 05:32 AM IST] [TASK] Strategic insight scan...
[2026-04-06 05:32 AM IST] [ALERT] Business insight sent
[2026-04-06 05:33 AM IST] [TASK] Market Intelligence scan starting...
[2026-04-06 05:33 AM IST] [TASK] Market update — cooldown active, skipped alert
[2026-04-06 05:33 AM IST] [TASK] Content ideation scan...
[2026-04-06 05:34 AM IST] [TASK] Competitor watch scan...
[2026-04-06 05:36 AM IST] [TASK] Market Intelligence scan starting...
[2026-04-06 05:36 AM IST] [TASK] Market update — cooldown active, skipped alert
[2026-04-06 05:37 AM IST] [TASK] Content ideation scan...
[2026-04-06 05:38 AM IST] [TASK] Market Intelligence scan starting...
[2026-04-06 05:38 AM IST] [TASK] Market update — cooldown active, skipped alert
[2026-04-06 05:38 AM IST] [TASK] Competitor watch scan...
[2026-04-06 05:38 AM IST] [TASK] Strategic insight scan...
[2026-04-06 05:40 AM IST] [TASK] Market Intelligence scan starting...
[2026-04-06 05:40 AM IST] [TASK] Market update — cooldown active, skipped alert
[2026-04-06 05:40 AM IST] [TASK] Content ideation scan...
[2026-04-06 05:42 AM IST] [TASK] Market Intelligence scan starting...
[2026-04-06 05:42 AM IST] [TASK] Market update — cooldown active, skipped alert
[2026-04-06 05:43 AM IST] [TASK] Competitor watch scan...
[2026-04-06 05:43 AM IST] [TASK] Content ideation scan...
[2026-04-06 05:44 AM IST] [TASK] Market Intelligence scan starting...
[2026-04-06 05:44 AM IST] [TASK] Market update — cooldown active, skipped alert
[2026-04-06 05:44 AM IST] [TASK] Strategic insight scan...
[2026-04-06 05:46 AM IST] [TASK] Market Intelligence scan starting...
[2026-04-06 05:47 AM IST] [TASK] Market update — cooldown active, skipped alert
[2026-04-06 05:47 AM IST] [TASK] Content ideation scan...
[2026-04-06 05:47 AM IST] [TASK] Competitor watch scan...
[2026-04-06 05:49 AM IST] [TASK] Market Intelligence scan starting...
[2026-04-06 05:49 AM IST] [TASK] Market update — cooldown active, skipped alert
[2026-04-06 05:50 AM IST] [TASK] Content ideation scan...
[2026-04-06 05:50 AM IST] [TASK] Strategic insight scan...
[2026-04-06 05:51 AM IST] [TASK] Market Intelligence scan starting...
[2026-04-06 05:51 AM IST] [TASK] Market update — cooldown active, skipped alert
[2026-04-06 05:52 AM IST] [TASK] Competitor watch scan...
[2026-04-06 05:53 AM IST] [TASK] Market Intelligence scan starting...
[2026-04-06 05:53 AM IST] [TASK] Market update — cooldown active, skipped alert
[2026-04-06 05:53 AM IST] [TASK] Content ideation scan...
[2026-04-06 05:55 AM IST] [TASK] Market Intelligence scan starting...
[2026-04-06 05:55 AM IST] [TASK] Market update — cooldown active, skipped alert
[2026-04-06 05:56 AM IST] [TASK] Competitor watch scan...
[2026-04-06 05:56 AM IST] [TASK] Content ideation scan...
[2026-04-06 05:56 AM IST] [TASK] Strategic insight scan...
[2026-04-06 05:58 AM IST] [TASK] Market Intelligence scan starting...
[2026-04-06 05:58 AM IST] [TASK] Market update — cooldown active, skipped alert
[2026-04-06 06:00 AM IST] [TASK] Market Intelligence scan starting...
[2026-04-06 06:00 AM IST] [TASK] Market update — cooldown active, skipped alert
[2026-04-06 06:00 AM IST] [TASK] Content ideation scan...
[2026-04-06 06:00 AM IST] [TASK] Competitor watch scan...
[2026-04-06 06:02 AM IST] [TASK] Market Intelligence scan starting...
[2026-04-06 06:02 AM IST] [TASK] Market update — cooldown active, skipped alert
[2026-04-06 06:02 AM IST] [TASK] Strategic insight scan...
[2026-04-06 06:03 AM IST] [TASK] Content ideation scan...
[2026-04-06 06:04 AM IST] [TASK] Market Intelligence scan starting...
[2026-04-06 06:04 AM IST] [TASK] Market update — cooldown active, skipped alert
[2026-04-06 06:05 AM IST] [TASK] Competitor watch scan...
[2026-04-06 06:06 AM IST] [TASK] Market Intelligence scan starting...
[2026-04-06 06:06 AM IST] [TASK] Market update — cooldown active, skipped alert
[2026-04-06 06:06 AM IST] [TASK] Content ideation scan...
[2026-04-06 06:08 AM IST] [TASK] Market Intelligence scan starting...
[2026-04-06 06:09 AM IST] [TASK] Market update — cooldown active, skipped alert
[2026-04-06 06:09 AM IST] [TASK] Competitor watch scan...
[2026-04-06 06:09 AM IST] [TASK] Strategic insight scan...
[2026-04-06 06:10 AM IST] [TASK] Content ideation scan...
[2026-04-06 06:11 AM IST] [TASK] Market Intelligence scan starting...
[2026-04-06 06:11 AM IST] [TASK] Market update — cooldown active, skipped alert
[2026-04-06 06:13 AM IST] [TASK] Market Intelligence scan starting...
[2026-04-06 06:13 AM IST] [TASK] Market update — cooldown active, skipped alert
[2026-04-06 06:13 AM IST] [TASK] Content ideation scan...
[2026-04-06 06:13 AM IST] [TASK] Competitor watch scan...
[2026-04-06 06:15 AM IST] [TASK] Market Intelligence scan starting...
[2026-04-06 06:15 AM IST] [TASK] Market update — cooldown active, skipped alert
[2026-04-06 06:15 AM IST] [TASK] Strategic insight scan...
[2026-04-06 06:16 AM IST] [TASK] Content ideation scan...
[2026-04-06 06:17 AM IST] [TASK] Market Intelligence scan starting...
[2026-04-06 06:17 AM IST] [TASK] Market update — cooldown active, skipped alert
[2026-04-06 06:18 AM IST] [TASK] Competitor watch scan...
[2026-04-06 06:20 AM IST] [TASK] Market Intelligence scan starting...
[2026-04-06 06:20 AM IST] [TASK] Market update — cooldown active, skipped alert
[2026-04-06 06:20 AM IST] [TASK] Content ideation scan...
[2026-04-06 06:21 AM IST] [TASK] Strategic insight scan...
[2026-04-06 06:22 AM IST] [TASK] Market Intelligence scan starting...
[2026-04-06 06:22 AM IST] [TASK] Market update — cooldown active, skipped alert
[2026-04-06 06:22 AM IST] [TASK] Competitor watch scan...
[2026-04-06 06:23 AM IST] [TASK] Content ideation scan...
[2026-04-06 06:24 AM IST] [TASK] Market Intelligence scan starting...
[2026-04-06 06:24 AM IST] [TASK] Market update — cooldown active, skipped alert
[2026-04-06 06:26 AM IST] [TASK] Market Intelligence scan starting...
[2026-04-06 06:26 AM IST] [TASK] Market update — cooldown active, skipped alert
[2026-04-06 06:26 AM IST] [TASK] Content ideation scan...
[2026-04-06 06:27 AM IST] [TASK] Competitor watch scan...
[2026-04-06 06:27 AM IST] [TASK] Strategic insight scan...
[2026-04-06 06:28 AM IST] [TASK] Market Intelligence scan starting...
[2026-04-06 06:29 AM IST] [TASK] Market update — cooldown active, skipped alert
[2026-04-06 06:30 AM IST] [TASK] Content ideation scan...
[2026-04-06 06:31 AM IST] [TASK] Market Intelligence scan starting...
[2026-04-06 06:31 AM IST] [ALERT] Market intelligence alert sent
[2026-04-06 06:31 AM IST] [TASK] Competitor watch scan...
[2026-04-06 06:31 AM IST] [ALERT] Competitor alert sent
[2026-04-06 06:33 AM IST] [TASK] Market Intelligence scan starting...
[2026-04-06 06:33 AM IST] [TASK] Market update — cooldown active, skipped alert
[2026-04-06 06:33 AM IST] [TASK] Content ideation scan...
[2026-04-06 06:33 AM IST] [TASK] Strategic insight scan...
[2026-04-06 06:35 AM IST] [TASK] Market Intelligence scan starting...
[2026-04-06 06:35 AM IST] [TASK] Market update — cooldown active, skipped alert
[2026-04-06 06:36 AM IST] [TASK] Competitor watch scan...
[2026-04-06 06:36 AM IST] [TASK] Content ideation scan...
[2026-04-06 06:37 AM IST] [TASK] Market Intelligence scan starting...
[2026-04-06 06:37 AM IST] [TASK] Market update — cooldown active, skipped alert
[2026-04-06 06:39 AM IST] [TASK] Market Intelligence scan starting...
[2026-04-06 06:39 AM IST] [TASK] Market update — cooldown active, skipped alert
[2026-04-06 06:39 AM IST] [TASK] Content ideation scan...
[2026-04-06 06:40 AM IST] [TASK] Competitor watch scan...
[2026-04-06 06:40 AM IST] [TASK] Strategic insight scan...
[2026-04-06 06:42 AM IST] [TASK] Market Intelligence scan starting...
[2026-04-06 06:42 AM IST] [TASK] Market update — cooldown active, skipped alert
[2026-04-06 06:43 AM IST] [TASK] Content ideation scan...
[2026-04-06 06:44 AM IST] [TASK] Market Intelligence scan starting...
[2026-04-06 06:44 AM IST] [TASK] Market update — cooldown active, skipped alert
[2026-04-06 06:44 AM IST] [TASK] Competitor watch scan...
[2026-04-06 06:46 AM IST] [TASK] Market Intelligence scan starting...
[2026-04-06 06:46 AM IST] [TASK] Market update — cooldown active, skipped alert
[2026-04-06 06:46 AM IST] [TASK] Content ideation scan...
[2026-04-06 06:46 AM IST] [TASK] Strategic insight scan...
[2026-04-06 06:48 AM IST] [TASK] Market Intelligence scan starting...
[2026-04-06 06:48 AM IST] [TASK] Market update — cooldown active, skipped alert
[2026-04-06 06:49 AM IST] [TASK] Competitor watch scan...
[2026-04-06 06:49 AM IST] [TASK] Content ideation scan...
[2026-04-06 06:50 AM IST] [TASK] Market Intelligence scan starting...
[2026-04-06 06:50 AM IST] [TASK] Market update — cooldown active, skipped alert
[2026-04-06 06:52 AM IST] [TASK] Strategic insight scan...
[2026-04-06 06:53 AM IST] [TASK] Market Intelligence scan starting...
[2026-04-06 06:53 AM IST] [TASK] Market update — cooldown active, skipped alert
[2026-04-06 06:53 AM IST] [TASK] Content ideation scan...
[2026-04-06 06:53 AM IST] [TASK] Competitor watch scan...
[2026-04-06 06:55 AM IST] [TASK] Market Intelligence scan starting...
[2026-04-06 06:55 AM IST] [TASK] Market update — cooldown active, skipped alert
[2026-04-06 06:56 AM IST] [TASK] Content ideation scan...
[2026-04-06 06:57 AM IST] [TASK] Market Intelligence scan starting...
[2026-04-06 06:57 AM IST] [TASK] Market update — cooldown active, skipped alert
[2026-04-06 06:58 AM IST] [TASK] Competitor watch scan...
[2026-04-06 06:58 AM IST] [TASK] Strategic insight scan...
[2026-04-06 06:59 AM IST] [TASK] Market Intelligence scan starting...
[2026-04-06 06:59 AM IST] [TASK] Market update — cooldown active, skipped alert
[2026-04-06 06:59 AM IST] [TASK] Content ideation scan...
[2026-04-06 07:01 AM IST] [TASK] Market Intelligence scan starting...
[2026-04-06 07:01 AM IST] [TASK] Market update — cooldown active, skipped alert
[2026-04-06 07:02 AM IST] [TASK] Competitor watch scan...
[2026-04-06 07:03 AM IST] [TASK] Content ideation scan...
[2026-04-06 07:04 AM IST] [TASK] Market Intelligence scan starting...
[2026-04-06 07:04 AM IST] [TASK] Market update — cooldown active, skipped alert
[2026-04-06 07:04 AM IST] [TASK] Strategic insight scan...
[2026-04-06 07:06 AM IST] [TASK] Market Intelligence scan starting...
[2026-04-06 07:06 AM IST] [TASK] Market update — cooldown active, skipped alert
[2026-04-06 07:06 AM IST] [TASK] Content ideation scan...
[2026-04-06 07:06 AM IST] [TASK] Competitor watch scan...
[2026-04-06 07:08 AM IST] [TASK] Market Intelligence scan starting...
[2026-04-06 07:08 AM IST] [TASK] Market update — cooldown active, skipped alert
[2026-04-06 07:09 AM IST] [TASK] Content ideation scan...
[2026-04-06 07:10 AM IST] [TASK] Market Intelligence scan starting...
[2026-04-06 07:10 AM IST] [TASK] Market update — cooldown active, skipped alert
[2026-04-06 07:10 AM IST] [TASK] Strategic insight scan...
[2026-04-06 07:11 AM IST] [TASK] Competitor watch scan...
[2026-04-06 07:13 AM IST] [TASK] Market Intelligence scan starting...
[2026-04-06 07:13 AM IST] [TASK] Market update — cooldown active, skipped alert
[2026-04-06 07:13 AM IST] [TASK] Content ideation scan...
[2026-04-06 07:15 AM IST] [TASK] Market Intelligence scan starting...
[2026-04-06 07:15 AM IST] [TASK] Market update — cooldown active, skipped alert
[2026-04-06 07:15 AM IST] [TASK] Competitor watch scan...
[2026-04-06 07:16 AM IST] [TASK] Content ideation scan...
[2026-04-06 07:16 AM IST] [TASK] Strategic insight scan...
[2026-04-06 07:17 AM IST] [TASK] Market Intelligence scan starting...
[2026-04-06 07:17 AM IST] [TASK] Market update — cooldown active, skipped alert
[2026-04-06 07:19 AM IST] [TASK] Market Intelligence scan starting...
[2026-04-06 07:19 AM IST] [TASK] Market update — cooldown active, skipped alert
[2026-04-06 07:19 AM IST] [TASK] Content ideation scan...
[2026-04-06 07:20 AM IST] [TASK] Competitor watch scan...
[2026-04-06 07:21 AM IST] [TASK] Market Intelligence scan starting...
[2026-04-06 07:21 AM IST] [TASK] Market update — cooldown active, skipped alert
[2026-04-06 07:22 AM IST] [TASK] Content ideation scan...
[2026-04-06 07:23 AM IST] [TASK] Strategic insight scan...
[2026-04-06 07:24 AM IST] [TASK] Market Intelligence scan starting...
[2026-04-06 07:24 AM IST] [TASK] Market update — cooldown active, skipped alert
[2026-04-06 07:24 AM IST] [TASK] Competitor watch scan...
[2026-04-06 07:26 AM IST] [TASK] Market Intelligence scan starting...
[2026-04-06 07:26 AM IST] [TASK] Market update — cooldown active, skipped alert
[2026-04-06 07:26 AM IST] [TASK] Content ideation scan...
[2026-04-06 07:28 AM IST] [TASK] Market Intelligence scan starting...
[2026-04-06 07:28 AM IST] [TASK] Market update — cooldown active, skipped alert
[2026-04-06 07:28 AM IST] [TASK] Competitor watch scan...
[2026-04-06 07:29 AM IST] [TASK] Content ideation scan...
[2026-04-06 07:29 AM IST] [TASK] Strategic insight scan...
[2026-04-06 07:30 AM IST] [TASK] Market Intelligence scan starting...
[2026-04-06 07:30 AM IST] [ALERT] Market intelligence alert sent
[2026-04-06 07:32 AM IST] [TASK] Market Intelligence scan starting...
[2026-04-06 07:32 AM IST] [TASK] Market update — cooldown active, skipped alert
[2026-04-06 07:32 AM IST] [TASK] Content ideation scan...
[2026-04-06 07:33 AM IST] [TASK] Competitor watch scan...
[2026-04-06 07:33 AM IST] [ALERT] Competitor alert sent
[2026-04-06 07:35 AM IST] [TASK] Market Intelligence scan starting...
[2026-04-06 07:35 AM IST] [TASK] Market update — cooldown active, skipped alert
[2026-04-06 07:35 AM IST] [TASK] Strategic insight scan...
[2026-04-06 07:36 AM IST] [TASK] Content ideation scan...
[2026-04-06 07:37 AM IST] [TASK] Market Intelligence scan starting...
[2026-04-06 07:37 AM IST] [TASK] Market update — cooldown active, skipped alert
[2026-04-06 07:37 AM IST] [TASK] Competitor watch scan...
[2026-04-06 07:39 AM IST] [TASK] Market Intelligence scan starting...
[2026-04-06 07:39 AM IST] [TASK] Market update — cooldown active, skipped alert
[2026-04-06 07:39 AM IST] [TASK] Content ideation scan...
[2026-04-06 07:41 AM IST] [TASK] Market Intelligence scan starting...
[2026-04-06 07:41 AM IST] [TASK] Market update — cooldown active, skipped alert
[2026-04-06 07:42 AM IST] [TASK] Competitor watch scan...
[2026-04-06 07:42 AM IST] [TASK] Strategic insight scan...
[2026-04-06 07:42 AM IST] [TASK] Content ideation scan...
[2026-04-06 07:43 AM IST] [TASK] Market Intelligence scan starting...
[2026-04-06 07:43 AM IST] [TASK] Market update — cooldown active, skipped alert
[2026-04-06 07:45 AM IST] [TASK] Market Intelligence scan starting...
[2026-04-06 07:46 AM IST] [TASK] Market update — cooldown active, skipped alert
[2026-04-06 07:46 AM IST] [TASK] Content ideation scan...
[2026-04-06 07:46 AM IST] [TASK] Competitor watch scan...
[2026-04-06 07:48 AM IST] [TASK] Market Intelligence scan starting...
[2026-04-06 07:48 AM IST] [TASK] Market update — cooldown active, skipped alert
[2026-04-06 07:48 AM IST] [TASK] Strategic insight scan...
[2026-04-06 07:49 AM IST] [TASK] Content ideation scan...
[2026-04-06 07:50 AM IST] [TASK] Market Intelligence scan starting...
[2026-04-06 07:50 AM IST] [TASK] Market update — cooldown active, skipped alert
[2026-04-06 07:51 AM IST] [TASK] Competitor watch scan...
[2026-04-06 07:52 AM IST] [TASK] Market Intelligence scan starting...
[2026-04-06 07:52 AM IST] [TASK] Market update — cooldown active, skipped alert
[2026-04-06 07:52 AM IST] [TASK] Content ideation scan...
[2026-04-06 07:54 AM IST] [TASK] Strategic insight scan...
[2026-04-06 07:54 AM IST] [TASK] Market Intelligence scan starting...
[2026-04-06 07:54 AM IST] [TASK] Market update — cooldown active, skipped alert
[2026-04-06 07:55 AM IST] [TASK] Competitor watch scan...
[2026-04-06 07:56 AM IST] [TASK] Content ideation scan...
[2026-04-06 07:57 AM IST] [TASK] Market Intelligence scan starting...
[2026-04-06 07:57 AM IST] [TASK] Market update — cooldown active, skipped alert
[2026-04-06 07:59 AM IST] [TASK] Market Intelligence scan starting...
[2026-04-06 07:59 AM IST] [TASK] Market update — cooldown active, skipped alert
[2026-04-06 07:59 AM IST] [TASK] Content ideation scan...
[2026-04-06 07:59 AM IST] [TASK] Competitor watch scan...
[2026-04-06 08:00 AM IST] [TASK] Strategic insight scan...
[2026-04-06 08:01 AM IST] [TASK] Market Intelligence scan starting...
[2026-04-06 08:01 AM IST] [TASK] Market update — cooldown active, skipped alert
[2026-04-06 08:02 AM IST] [TASK] Content ideation scan...
[2026-04-06 08:03 AM IST] [TASK] Market Intelligence scan starting...
[2026-04-06 08:03 AM IST] [TASK] Market update — cooldown active, skipped alert
[2026-04-06 08:04 AM IST] [TASK] Competitor watch scan...
[2026-04-06 08:05 AM IST] [TASK] Market Intelligence scan starting...
[2026-04-06 08:06 AM IST] [TASK] Market update — cooldown active, skipped alert
[2026-04-06 08:06 AM IST] [TASK] Content ideation scan...
[2026-04-06 08:06 AM IST] [TASK] Strategic insight scan...
[2026-04-06 08:08 AM IST] [TASK] Market Intelligence scan starting...
[2026-04-06 08:08 AM IST] [TASK] Market update — cooldown active, skipped alert
[2026-04-06 08:08 AM IST] [TASK] Competitor watch scan...
[2026-04-06 08:09 AM IST] [TASK] Content ideation scan...
[2026-04-06 08:10 AM IST] [TASK] Market Intelligence scan starting...
[2026-04-06 08:10 AM IST] [TASK] Market update — cooldown active, skipped alert
[2026-04-06 08:12 AM IST] [TASK] Market Intelligence scan starting...
[2026-04-06 08:12 AM IST] [TASK] Market update — cooldown active, skipped alert
[2026-04-06 08:12 AM IST] [TASK] Content ideation scan...
[2026-04-06 08:13 AM IST] [TASK] Competitor watch scan...
[2026-04-06 08:13 AM IST] [TASK] Strategic insight scan...
[2026-04-06 08:14 AM IST] [TASK] Market Intelligence scan starting...
[2026-04-06 08:14 AM IST] [TASK] Market update — cooldown active, skipped alert
[2026-04-06 08:15 AM IST] [TASK] Content ideation scan...
[2026-04-06 08:17 AM IST] [TASK] Market Intelligence scan starting...
[2026-04-06 08:17 AM IST] [TASK] Market update — cooldown active, skipped alert
[2026-04-06 08:17 AM IST] [TASK] Competitor watch scan...
[2026-04-06 08:19 AM IST] [TASK] Market Intelligence scan starting...
[2026-04-06 08:19 AM IST] [TASK] Market update — cooldown active, skipped alert
[2026-04-06 08:19 AM IST] [TASK] Content ideation scan...
[2026-04-06 08:19 AM IST] [TASK] Strategic insight scan...
[2026-04-06 08:21 AM IST] [TASK] Market Intelligence scan starting...
[2026-04-06 08:21 AM IST] [TASK] Market update — cooldown active, skipped alert
[2026-04-06 08:21 AM IST] [TASK] Competitor watch scan...
[2026-04-06 08:22 AM IST] [TASK] Content ideation scan...
[2026-04-06 08:23 AM IST] [TASK] Market Intelligence scan starting...
[2026-04-06 08:23 AM IST] [TASK] Market update — cooldown active, skipped alert
[2026-04-06 08:25 AM IST] [TASK] Strategic insight scan...
[2026-04-06 08:25 AM IST] [TASK] Market Intelligence scan starting...
[2026-04-06 08:25 AM IST] [TASK] Market update — cooldown active, skipped alert
[2026-04-06 08:25 AM IST] [TASK] Content ideation scan...
[2026-04-06 08:26 AM IST] [TASK] Competitor watch scan...
[2026-04-06 08:28 AM IST] [TASK] Market Intelligence scan starting...
[2026-04-06 08:28 AM IST] [TASK] Market update — cooldown active, skipped alert
[2026-04-06 08:29 AM IST] [TASK] Content ideation scan...
[2026-04-06 08:30 AM IST] [TASK] Market Intelligence scan starting...
[2026-04-06 08:30 AM IST] [ALERT] Market intelligence alert sent
[2026-04-06 08:30 AM IST] [TASK] Competitor watch scan...
[2026-04-06 08:30 AM IST] [ALERT] Competitor alert sent
[2026-04-06 08:31 AM IST] [TASK] Strategic insight scan...
[2026-04-06 08:32 AM IST] [TASK] Market Intelligence scan starting...
[2026-04-06 08:32 AM IST] [TASK] Market update — cooldown active, skipped alert
[2026-04-06 08:32 AM IST] [TASK] Content ideation scan...
[2026-04-06 08:34 AM IST] [TASK] Market Intelligence scan starting...
[2026-04-06 08:34 AM IST] [TASK] Market update — cooldown active, skipped alert
[2026-04-06 08:35 AM IST] [TASK] Competitor watch scan...
[2026-04-06 08:35 AM IST] [TASK] Content ideation scan...
[2026-04-06 08:36 AM IST] [TASK] Market Intelligence scan starting...
[2026-04-06 08:36 AM IST] [TASK] Market update — cooldown active, skipped alert
[2026-04-06 08:37 AM IST] [TASK] Strategic insight scan...
[2026-04-06 08:39 AM IST] [TASK] Market Intelligence scan starting...
[2026-04-06 08:39 AM IST] [TASK] Market update — cooldown active, skipped alert
[2026-04-06 08:39 AM IST] [TASK] Content ideation scan...
[2026-04-06 08:39 AM IST] [TASK] Competitor watch scan...
[2026-04-06 08:41 AM IST] [TASK] Market Intelligence scan starting...
[2026-04-06 08:41 AM IST] [TASK] Market update — cooldown active, skipped alert
[2026-04-06 08:42 AM IST] [TASK] Content ideation scan...
[2026-04-06 08:43 AM IST] [TASK] Market Intelligence scan starting...
[2026-04-06 08:43 AM IST] [TASK] Market update — cooldown active, skipped alert
[2026-04-06 08:43 AM IST] [TASK] Competitor watch scan...
[2026-04-06 08:44 AM IST] [TASK] Strategic insight scan...
[2026-04-06 08:45 AM IST] [TASK] Market Intelligence scan starting...
[2026-04-06 08:45 AM IST] [TASK] Market update — cooldown active, skipped alert
[2026-04-06 08:45 AM IST] [TASK] Content ideation scan...
[2026-04-06 08:47 AM IST] [TASK] Market Intelligence scan starting...
[2026-04-06 08:47 AM IST] [TASK] Market update — cooldown active, skipped alert
[2026-04-06 08:48 AM IST] [TASK] Competitor watch scan...
[2026-04-06 08:49 AM IST] [TASK] Content ideation scan...
[2026-04-06 08:50 AM IST] [TASK] Market Intelligence scan starting...
[2026-04-06 08:50 AM IST] [TASK] Market update — cooldown active, skipped alert
[2026-04-06 08:50 AM IST] [TASK] Strategic insight scan...
[2026-04-06 08:52 AM IST] [TASK] Market Intelligence scan starting...
[2026-04-06 08:52 AM IST] [TASK] Market update — cooldown active, skipped alert
[2026-04-06 08:52 AM IST] [TASK] Content ideation scan...
[2026-04-06 08:52 AM IST] [TASK] Competitor watch scan...
[2026-04-06 08:54 AM IST] [TASK] Market Intelligence scan starting...
[2026-04-06 08:54 AM IST] [TASK] Market update — cooldown active, skipped alert
[2026-04-06 08:55 AM IST] [TASK] Content ideation scan...
[2026-04-06 08:56 AM IST] [TASK] Strategic insight scan...
[2026-04-06 08:56 AM IST] [TASK] Market Intelligence scan starting...
[2026-04-06 08:56 AM IST] [TASK] Market update — cooldown active, skipped alert
[2026-04-06 08:57 AM IST] [TASK] Competitor watch scan...
[2026-04-06 08:58 AM IST] [TASK] Market Intelligence scan starting...
[2026-04-06 08:58 AM IST] [TASK] Market update — cooldown active, skipped alert
[2026-04-06 08:58 AM IST] [TASK] Content ideation scan...
[2026-04-06 09:01 AM IST] [TASK] Market Intelligence scan starting...
[2026-04-06 09:01 AM IST] [TASK] Market update — cooldown active, skipped alert
[2026-04-06 09:01 AM IST] [TASK] Competitor watch scan...
[2026-04-06 09:02 AM IST] [TASK] Content ideation scan...
[2026-04-06 09:02 AM IST] [TASK] Strategic insight scan...
[2026-04-06 09:03 AM IST] [TASK] Market Intelligence scan starting...
[2026-04-06 09:03 AM IST] [TASK] Market update — cooldown active, skipped alert
[2026-04-06 09:05 AM IST] [TASK] Market Intelligence scan starting...
[2026-04-06 09:05 AM IST] [TASK] Market update — cooldown active, skipped alert
[2026-04-06 09:05 AM IST] [TASK] Content ideation scan...
[2026-04-06 09:06 AM IST] [TASK] Competitor watch scan...
[2026-04-06 09:07 AM IST] [TASK] Market Intelligence scan starting...
[2026-04-06 09:07 AM IST] [TASK] Market update — cooldown active, skipped alert
[2026-04-06 09:08 AM IST] [TASK] Strategic insight scan...
[2026-04-06 09:08 AM IST] [TASK] Content ideation scan...
[2026-04-06 09:09 AM IST] [TASK] Market Intelligence scan starting...
[2026-04-06 09:10 AM IST] [TASK] Market update — cooldown active, skipped alert
[2026-04-06 09:10 AM IST] [TASK] Competitor watch scan...
[2026-04-06 09:12 AM IST] [TASK] Market Intelligence scan starting...
[2026-04-06 09:12 AM IST] [TASK] Market update — cooldown active, skipped alert
[2026-04-06 09:12 AM IST] [TASK] Content ideation scan...
[2026-04-06 09:14 AM IST] [TASK] Market Intelligence scan starting...
[2026-04-06 09:14 AM IST] [TASK] Market update — cooldown active, skipped alert
[2026-04-06 09:14 AM IST] [TASK] Competitor watch scan...
[2026-04-06 09:14 AM IST] [TASK] Strategic insight scan...
[2026-04-06 09:15 AM IST] [TASK] Content ideation scan...
[2026-04-06 09:16 AM IST] [TASK] Market Intelligence scan starting...
[2026-04-06 09:16 AM IST] [TASK] Market update — cooldown active, skipped alert
[2026-04-06 09:18 AM IST] [TASK] Market Intelligence scan starting...
[2026-04-06 09:18 AM IST] [TASK] Market update — cooldown active, skipped alert
[2026-04-06 09:18 AM IST] [TASK] Content ideation scan...
[2026-04-06 09:19 AM IST] [TASK] Competitor watch scan...
[2026-04-06 09:20 AM IST] [TASK] Market Intelligence scan starting...
[2026-04-06 09:20 AM IST] [TASK] Market update — cooldown active, skipped alert
[2026-04-06 09:20 AM IST] [TASK] Strategic insight scan...
[2026-04-06 09:22 AM IST] [TASK] Content ideation scan...
[2026-04-06 09:23 AM IST] [TASK] Market Intelligence scan starting...
[2026-04-06 09:23 AM IST] [TASK] Market update — cooldown active, skipped alert
[2026-04-06 09:23 AM IST] [TASK] Competitor watch scan...
[2026-04-06 09:25 AM IST] [TASK] Market Intelligence scan starting...
[2026-04-06 09:25 AM IST] [TASK] Market update — cooldown active, skipped alert
[2026-04-06 09:25 AM IST] [TASK] Content ideation scan...
[2026-04-06 09:26 AM IST] [TASK] Strategic insight scan...
[2026-04-06 09:27 AM IST] [TASK] Market Intelligence scan starting...
[2026-04-06 09:27 AM IST] [TASK] Market update — cooldown active, skipped alert
[2026-04-06 09:28 AM IST] [TASK] Competitor watch scan...
[2026-04-06 09:28 AM IST] [TASK] Content ideation scan...
[2026-04-06 09:29 AM IST] [TASK] Market Intelligence scan starting...
[2026-04-06 09:29 AM IST] [TASK] Market update — cooldown active, skipped alert
[2026-04-06 09:31 AM IST] [TASK] Market Intelligence scan starting...
[2026-04-06 09:31 AM IST] [ALERT] Market intelligence alert sent
[2026-04-06 09:31 AM IST] [TASK] Content ideation scan...
[2026-04-06 09:32 AM IST] [TASK] Competitor watch scan...
[2026-04-06 09:32 AM IST] [ALERT] Competitor alert sent
[2026-04-06 09:33 AM IST] [TASK] Strategic insight scan...
[2026-04-06 09:34 AM IST] [TASK] Market Intelligence scan starting...
[2026-04-06 09:34 AM IST] [TASK] Market update — cooldown active, skipped alert
[2026-04-06 09:35 AM IST] [TASK] Content ideation scan...
[2026-04-06 09:36 AM IST] [TASK] Market Intelligence scan starting...
[2026-04-06 09:36 AM IST] [TASK] Market update — cooldown active, skipped alert
[2026-04-06 09:36 AM IST] [TASK] Competitor watch scan...
[2026-04-06 09:38 AM IST] [TASK] Market Intelligence scan starting...
[2026-04-06 09:38 AM IST] [TASK] Market update — cooldown active, skipped alert
[2026-04-06 09:38 AM IST] [TASK] Content ideation scan...
[2026-04-06 09:39 AM IST] [TASK] Strategic insight scan...
[2026-04-06 09:40 AM IST] [TASK] Market Intelligence scan starting...
[2026-04-06 09:40 AM IST] [TASK] Market update — cooldown active, skipped alert
[2026-04-06 09:41 AM IST] [TASK] Competitor watch scan...
[2026-04-06 09:41 AM IST] [TASK] Content ideation scan...
[2026-04-06 09:43 AM IST] [TASK] Market Intelligence scan starting...
[2026-04-06 09:43 AM IST] [TASK] Market update — cooldown active, skipped alert
[2026-04-06 09:45 AM IST] [TASK] Market Intelligence scan starting...
[2026-04-06 09:45 AM IST] [TASK] Market update — cooldown active, skipped alert
[2026-04-06 09:45 AM IST] [TASK] Content ideation scan...
[2026-04-06 09:45 AM IST] [TASK] Competitor watch scan...
[2026-04-06 09:45 AM IST] [TASK] Strategic insight scan...
[2026-04-06 09:47 AM IST] [TASK] Market Intelligence scan starting...
[2026-04-06 09:47 AM IST] [TASK] Market update — cooldown active, skipped alert
[2026-04-06 09:48 AM IST] [TASK] Content ideation scan...
[2026-04-06 09:49 AM IST] [TASK] Market Intelligence scan starting...
[2026-04-06 09:49 AM IST] [TASK] Market update — cooldown active, skipped alert
[2026-04-06 09:50 AM IST] [TASK] Competitor watch scan...
[2026-04-06 09:51 AM IST] [TASK] Market Intelligence scan starting...
[2026-04-06 09:51 AM IST] [TASK] Market update — cooldown active, skipped alert
[2026-04-06 09:51 AM IST] [TASK] Content ideation scan...
[2026-04-06 09:51 AM IST] [TASK] Strategic insight scan...
[2026-04-06 09:54 AM IST] [TASK] Market Intelligence scan starting...
[2026-04-06 09:54 AM IST] [TASK] Market update — cooldown active, skipped alert
[2026-04-06 09:54 AM IST] [TASK] Competitor watch scan...
[2026-04-06 09:55 AM IST] [TASK] Content ideation scan...
[2026-04-06 09:56 AM IST] [TASK] Market Intelligence scan starting...
[2026-04-06 09:56 AM IST] [TASK] Market update — cooldown active, skipped alert
[2026-04-06 09:58 AM IST] [TASK] Market Intelligence scan starting...
[2026-04-06 09:58 AM IST] [TASK] Market update — cooldown active, skipped alert
[2026-04-06 09:58 AM IST] [TASK] Content ideation scan...
[2026-04-06 09:58 AM IST] [TASK] Strategic insight scan...
[2026-04-06 09:59 AM IST] [TASK] Competitor watch scan...
[2026-04-06 10:00 AM IST] [TASK] Market Intelligence scan starting...
[2026-04-06 10:00 AM IST] [TASK] Market update — cooldown active, skipped alert
[2026-04-06 10:01 AM IST] [TASK] Content ideation scan...
[2026-04-06 10:02 AM IST] [TASK] Market Intelligence scan starting...
[2026-04-06 10:02 AM IST] [TASK] Market update — cooldown active, skipped alert
[2026-04-06 10:03 AM IST] [TASK] Competitor watch scan...
[2026-04-06 10:04 AM IST] [TASK] Strategic insight scan...
[2026-04-06 10:05 AM IST] [TASK] Market Intelligence scan starting...
[2026-04-06 10:05 AM IST] [TASK] Market update — cooldown active, skipped alert
[2026-04-06 10:05 AM IST] [TASK] Content ideation scan...
[2026-04-06 10:07 AM IST] [TASK] Market Intelligence scan starting...
[2026-04-06 10:07 AM IST] [TASK] Market update — cooldown active, skipped alert
[2026-04-06 10:07 AM IST] [TASK] Competitor watch scan...
[2026-04-06 10:08 AM IST] [TASK] Content ideation scan...
[2026-04-06 10:09 AM IST] [TASK] Market Intelligence scan starting...
[2026-04-06 10:09 AM IST] [TASK] Market update — cooldown active, skipped alert
[2026-04-06 10:10 AM IST] [TASK] Strategic insight scan...
[2026-04-06 10:11 AM IST] [TASK] Market Intelligence scan starting...
[2026-04-06 10:11 AM IST] [TASK] Market update — cooldown active, skipped alert
[2026-04-06 10:11 AM IST] [TASK] Content ideation scan...
[2026-04-06 10:12 AM IST] [TASK] Competitor watch scan...
[2026-04-06 10:13 AM IST] [TASK] Market Intelligence scan starting...
[2026-04-06 10:13 AM IST] [TASK] Market update — cooldown active, skipped alert
[2026-04-06 10:14 AM IST] [TASK] Content ideation scan...
[2026-04-06 10:15 AM IST] [TASK] Market Intelligence scan starting...
[2026-04-06 10:16 AM IST] [TASK] Market update — cooldown active, skipped alert
[2026-04-06 10:16 AM IST] [TASK] Competitor watch scan...
[2026-04-06 10:16 AM IST] [TASK] Strategic insight scan...
[2026-04-06 10:18 AM IST] [TASK] Market Intelligence scan starting...
[2026-04-06 10:18 AM IST] [TASK] Market update — cooldown active, skipped alert
[2026-04-06 10:18 AM IST] [TASK] Content ideation scan...
[2026-04-06 10:20 AM IST] [TASK] Market Intelligence scan starting...
[2026-04-06 10:20 AM IST] [TASK] Market update — cooldown active, skipped alert
[2026-04-06 10:20 AM IST] [TASK] Competitor watch scan...
[2026-04-06 10:21 AM IST] [TASK] Content ideation scan...
[2026-04-06 10:22 AM IST] [TASK] Market Intelligence scan starting...
[2026-04-06 10:22 AM IST] [TASK] Market update — cooldown active, skipped alert
[2026-04-06 10:22 AM IST] [TASK] Strategic insight scan...
[2026-04-06 10:24 AM IST] [TASK] Market Intelligence scan starting...
[2026-04-06 10:24 AM IST] [TASK] Market update — cooldown active, skipped alert
[2026-04-06 10:24 AM IST] [TASK] Content ideation scan...
[2026-04-06 10:25 AM IST] [TASK] Competitor watch scan...
[2026-04-06 10:27 AM IST] [TASK] Market Intelligence scan starting...
[2026-04-06 10:27 AM IST] [TASK] Market update — cooldown active, skipped alert
[2026-04-06 10:28 AM IST] [TASK] Content ideation scan...
[2026-04-06 10:28 AM IST] [TASK] Strategic insight scan...
[2026-04-06 10:29 AM IST] [TASK] Market Intelligence scan starting...
[2026-04-06 10:29 AM IST] [TASK] Market update — cooldown active, skipped alert
[2026-04-06 10:29 AM IST] [TASK] Competitor watch scan...
[2026-04-06 10:31 AM IST] [TASK] Market Intelligence scan starting...
[2026-04-06 10:31 AM IST] [ALERT] Market intelligence alert sent
[2026-04-06 10:31 AM IST] [TASK] Content ideation scan...
[2026-04-06 10:33 AM IST] [TASK] Market Intelligence scan starting...
[2026-04-06 10:33 AM IST] [TASK] Market update — cooldown active, skipped alert
[2026-04-06 10:34 AM IST] [TASK] Competitor watch scan...
[2026-04-06 10:34 AM IST] [ALERT] Competitor alert sent
[2026-04-06 10:34 AM IST] [TASK] Content ideation scan...
[2026-04-06 10:34 AM IST] [TASK] Strategic insight scan...
[2026-04-06 10:35 AM IST] [TASK] Market Intelligence scan starting...
[2026-04-06 10:36 AM IST] [TASK] Market update — cooldown active, skipped alert
[2026-04-06 10:38 AM IST] [TASK] Market Intelligence scan starting...
[2026-04-06 10:38 AM IST] [TASK] Market update — cooldown active, skipped alert
[2026-04-06 10:38 AM IST] [TASK] Content ideation scan...
[2026-04-06 10:38 AM IST] [TASK] Competitor watch scan...
[2026-04-06 10:40 AM IST] [TASK] Market Intelligence scan starting...
[2026-04-06 10:40 AM IST] [TASK] Market update — cooldown active, skipped alert
[2026-04-06 10:40 AM IST] [TASK] Strategic insight scan...
[2026-04-06 10:41 AM IST] [TASK] Content ideation scan...
[2026-04-06 10:42 AM IST] [TASK] Market Intelligence scan starting...
[2026-04-06 10:42 AM IST] [TASK] Market update — cooldown active, skipped alert
[2026-04-06 10:43 AM IST] [TASK] Competitor watch scan...
[2026-04-06 10:44 AM IST] [TASK] Market Intelligence scan starting...
[2026-04-06 10:44 AM IST] [TASK] Market update — cooldown active, skipped alert
[2026-04-06 10:44 AM IST] [TASK] Content ideation scan...
[2026-04-06 10:46 AM IST] [TASK] Market Intelligence scan starting...
[2026-04-06 10:46 AM IST] [TASK] Market update — cooldown active, skipped alert
[2026-04-06 10:47 AM IST] [TASK] Competitor watch scan...
[2026-04-06 10:47 AM IST] [TASK] Strategic insight scan...
[2026-04-06 10:48 AM IST] [TASK] Content ideation scan...
[2026-04-06 10:49 AM IST] [TASK] Market Intelligence scan starting...
[2026-04-06 10:49 AM IST] [TASK] Market update — cooldown active, skipped alert
[2026-04-06 10:51 AM IST] [TASK] Market Intelligence scan starting...
[2026-04-06 10:51 AM IST] [TASK] Market update — cooldown active, skipped alert
[2026-04-06 10:51 AM IST] [TASK] Content ideation scan...
[2026-04-06 10:51 AM IST] [TASK] Competitor watch scan...
[2026-04-06 10:53 AM IST] [TASK] Market Intelligence scan starting...
[2026-04-06 10:53 AM IST] [TASK] Market update — cooldown active, skipped alert
[2026-04-06 10:53 AM IST] [TASK] Strategic insight scan...
[2026-04-06 10:54 AM IST] [TASK] Content ideation scan...
[2026-04-06 10:55 AM IST] [TASK] Market Intelligence scan starting...
[2026-04-06 10:55 AM IST] [TASK] Market update — cooldown active, skipped alert
[2026-04-06 10:56 AM IST] [TASK] Competitor watch scan...
[2026-04-06 10:57 AM IST] [TASK] Market Intelligence scan starting...
[2026-04-06 10:57 AM IST] [TASK] Market update — cooldown active, skipped alert
[2026-04-06 10:57 AM IST] [TASK] Content ideation scan...
[2026-04-06 10:59 AM IST] [TASK] Strategic insight scan...
[2026-04-06 11:00 AM IST] [TASK] Market Intelligence scan starting...
[2026-04-06 11:00 AM IST] [TASK] Market update — cooldown active, skipped alert
[2026-04-06 11:00 AM IST] [TASK] Competitor watch scan...
[2026-04-06 11:01 AM IST] [TASK] Content ideation scan...
[2026-04-06 11:02 AM IST] [TASK] Market Intelligence scan starting...
[2026-04-06 11:02 AM IST] [TASK] Market update — cooldown active, skipped alert
[2026-04-06 11:04 AM IST] [TASK] Market Intelligence scan starting...
[2026-04-06 11:04 AM IST] [TASK] Market update — cooldown active, skipped alert
[2026-04-06 11:04 AM IST] [TASK] Content ideation scan...
[2026-04-06 11:04 AM IST] [TASK] Competitor watch scan...
[2026-04-06 11:05 AM IST] [TASK] Strategic insight scan...
[2026-04-06 11:06 AM IST] [TASK] Market Intelligence scan starting...
[2026-04-06 11:06 AM IST] [TASK] Market update — cooldown active, skipped alert
[2026-04-06 11:07 AM IST] [TASK] Content ideation scan...
[2026-04-06 11:08 AM IST] [TASK] Market Intelligence scan starting...
[2026-04-06 11:08 AM IST] [TASK] Market update — cooldown active, skipped alert
[2026-04-06 11:09 AM IST] [TASK] Competitor watch scan...
[2026-04-06 11:10 AM IST] [TASK] Market Intelligence scan starting...
[2026-04-06 11:11 AM IST] [TASK] Market update — cooldown active, skipped alert
[2026-04-06 11:11 AM IST] [TASK] Content ideation scan...
[2026-04-06 11:11 AM IST] [TASK] Strategic insight scan...
[2026-04-06 11:13 AM IST] [TASK] Market Intelligence scan starting...
[2026-04-06 11:13 AM IST] [TASK] Market update — cooldown active, skipped alert
[2026-04-06 11:13 AM IST] [TASK] Competitor watch scan...
[2026-04-06 11:14 AM IST] [TASK] Content ideation scan...
[2026-04-06 11:15 AM IST] [TASK] Market Intelligence scan starting...
[2026-04-06 11:15 AM IST] [TASK] Market update — cooldown active, skipped alert
[2026-04-06 11:17 AM IST] [TASK] Market Intelligence scan starting...
[2026-04-06 11:17 AM IST] [TASK] Market update — cooldown active, skipped alert
[2026-04-06 11:17 AM IST] [TASK] Content ideation scan...
[2026-04-06 11:18 AM IST] [TASK] Competitor watch scan...
[2026-04-06 11:18 AM IST] [TASK] Strategic insight scan...
[2026-04-06 11:19 AM IST] [TASK] Market Intelligence scan starting...
[2026-04-06 11:19 AM IST] [TASK] Market update — cooldown active, skipped alert
[2026-04-06 11:20 AM IST] [TASK] Content ideation scan...
[2026-04-06 11:22 AM IST] [TASK] Market Intelligence scan starting...
[2026-04-06 11:22 AM IST] [TASK] Market update — cooldown active, skipped alert
[2026-04-06 11:22 AM IST] [TASK] Competitor watch scan...
[2026-04-06 11:24 AM IST] [TASK] Market Intelligence scan starting...
[2026-04-06 11:24 AM IST] [TASK] Market update — cooldown active, skipped alert
[2026-04-06 11:24 AM IST] [TASK] Content ideation scan...
[2026-04-06 11:24 AM IST] [TASK] Strategic insight scan...
[2026-04-06 11:26 AM IST] [TASK] Market Intelligence scan starting...
[2026-04-06 11:26 AM IST] [TASK] Market update — cooldown active, skipped alert
[2026-04-06 11:26 AM IST] [TASK] Competitor watch scan...
[2026-04-06 11:27 AM IST] [TASK] Content ideation scan...
[2026-04-06 11:28 AM IST] [TASK] Market Intelligence scan starting...
[2026-04-06 11:28 AM IST] [TASK] Market update — cooldown active, skipped alert
[2026-04-06 11:30 AM IST] [TASK] Strategic insight scan...
[2026-04-06 11:30 AM IST] [TASK] Market Intelligence scan starting...
[2026-04-06 11:30 AM IST] [ALERT] Market intelligence alert sent
[2026-04-06 11:30 AM IST] [TASK] Content ideation scan...
[2026-04-06 11:31 AM IST] [TASK] Competitor watch scan...
[2026-04-06 11:31 AM IST] [TELEGRAM] Failed to send: HTTP Error 400: Bad Request
[2026-04-06 11:31 AM IST] [ALERT] Competitor alert sent
[2026-04-06 11:33 AM IST] [TASK] Market Intelligence scan starting...
[2026-04-06 11:33 AM IST] [TASK] Market update — cooldown active, skipped alert
[2026-04-06 11:34 AM IST] [TASK] Content ideation scan...
[2026-04-06 11:35 AM IST] [TASK] Market Intelligence scan starting...
[2026-04-06 11:35 AM IST] [TASK] Market update — cooldown active, skipped alert
[2026-04-06 11:35 AM IST] [TASK] Competitor watch scan...
[2026-04-06 11:36 AM IST] [TASK] Strategic insight scan...
[2026-04-06 11:37 AM IST] [TASK] Market Intelligence scan starting...
[2026-04-06 11:37 AM IST] [TASK] Market update — cooldown active, skipped alert
[2026-04-06 11:37 AM IST] [TASK] Content ideation scan...
[2026-04-06 11:39 AM IST] [TASK] Market Intelligence scan starting...
[2026-04-06 11:39 AM IST] [TASK] Market update — cooldown active, skipped alert
[2026-04-06 11:40 AM IST] [TASK] Competitor watch scan...
[2026-04-06 11:40 AM IST] [TASK] Content ideation scan...
[2026-04-06 11:41 AM IST] [TASK] Market Intelligence scan starting...
[2026-04-06 11:41 AM IST] [TASK] Market update — cooldown active, skipped alert
[2026-04-06 11:42 AM IST] [TASK] Strategic insight scan...
[2026-04-06 11:44 AM IST] [TASK] Market Intelligence scan starting...
[2026-04-06 11:44 AM IST] [TASK] Market update — cooldown active, skipped alert
[2026-04-06 11:44 AM IST] [TASK] Content ideation scan...
[2026-04-06 11:44 AM IST] [TASK] Competitor watch scan...
[2026-04-06 11:46 AM IST] [TASK] Market Intelligence scan starting...
[2026-04-06 11:46 AM IST] [TASK] Market update — cooldown active, skipped alert
[2026-04-06 11:47 AM IST] [TASK] Content ideation scan...
[2026-04-06 11:48 AM IST] [TASK] Market Intelligence scan starting...
[2026-04-06 11:48 AM IST] [TASK] Market update — cooldown active, skipped alert
[2026-04-06 11:48 AM IST] [TASK] Competitor watch scan...
[2026-04-06 11:49 AM IST] [TASK] Strategic insight scan...
[2026-04-06 11:50 AM IST] [TASK] Market Intelligence scan starting...
[2026-04-06 11:50 AM IST] [TASK] Market update — cooldown active, skipped alert
[2026-04-06 11:50 AM IST] [TASK] Content ideation scan...
[2026-04-06 11:52 AM IST] [TASK] Market Intelligence scan starting...
[2026-04-06 11:52 AM IST] [TASK] Market update — cooldown active, skipped alert
[2026-04-06 11:53 AM IST] [TASK] Competitor watch scan...
[2026-04-06 11:54 AM IST] [TASK] Content ideation scan...
[2026-04-06 11:55 AM IST] [TASK] Market Intelligence scan starting...
[2026-04-06 11:55 AM IST] [TASK] Market update — cooldown active, skipped alert
[2026-04-06 11:55 AM IST] [TASK] Strategic insight scan...
[2026-04-06 11:57 AM IST] [TASK] Market Intelligence scan starting...
[2026-04-06 11:57 AM IST] [TASK] Market update — cooldown active, skipped alert
[2026-04-06 11:57 AM IST] [TASK] Content ideation scan...
[2026-04-06 11:57 AM IST] [TASK] Competitor watch scan...
[2026-04-06 11:59 AM IST] [TASK] Market Intelligence scan starting...
[2026-04-06 11:59 AM IST] [TASK] Market update — cooldown active, skipped alert
[2026-04-06 12:00 PM IST] [TASK] Content ideation scan...
[2026-04-06 12:01 PM IST] [TASK] Strategic insight scan...
[2026-04-06 12:01 PM IST] [TASK] Market Intelligence scan starting...
[2026-04-06 12:01 PM IST] [TASK] Market update — cooldown active, skipped alert
[2026-04-06 12:02 PM IST] [TASK] Competitor watch scan...
[2026-04-06 12:03 PM IST] [TASK] Market Intelligence scan starting...
[2026-04-06 12:03 PM IST] [TASK] Market update — cooldown active, skipped alert
[2026-04-06 12:03 PM IST] [TASK] Content ideation scan...
[2026-04-06 12:05 PM IST] [TASK] Market Intelligence scan starting...
[2026-04-06 12:06 PM IST] [TASK] Market update — cooldown active, skipped alert
[2026-04-06 12:06 PM IST] [TASK] Competitor watch scan...
[2026-04-06 12:07 PM IST] [TASK] Content ideation scan...
[2026-04-06 12:07 PM IST] [TASK] Strategic insight scan...
[2026-04-06 12:08 PM IST] [TASK] Market Intelligence scan starting...
[2026-04-06 12:08 PM IST] [TASK] Market update — cooldown active, skipped alert
[2026-04-06 12:10 PM IST] [TASK] Market Intelligence scan starting...
[2026-04-06 12:10 PM IST] [TASK] Market update — cooldown active, skipped alert
[2026-04-06 12:10 PM IST] [TASK] Content ideation scan...
[2026-04-06 12:10 PM IST] [TASK] Competitor watch scan...
[2026-04-06 12:12 PM IST] [TASK] Market Intelligence scan starting...
[2026-04-06 12:12 PM IST] [TASK] Market update — cooldown active, skipped alert
[2026-04-06 12:13 PM IST] [TASK] Strategic insight scan...
[2026-04-06 12:13 PM IST] [TASK] Content ideation scan...
[2026-04-06 12:14 PM IST] [TASK] Market Intelligence scan starting...
[2026-04-06 12:14 PM IST] [TASK] Market update — cooldown active, skipped alert
[2026-04-06 12:15 PM IST] [TASK] Competitor watch scan...
[2026-04-06 12:17 PM IST] [TASK] Market Intelligence scan starting...
[2026-04-06 12:17 PM IST] [TASK] Market update — cooldown active, skipped alert
[2026-04-06 12:17 PM IST] [TASK] Content ideation scan...
[2026-04-06 12:19 PM IST] [TASK] Market Intelligence scan starting...
[2026-04-06 12:19 PM IST] [TASK] Market update — cooldown active, skipped alert
[2026-04-06 12:19 PM IST] [TASK] Competitor watch scan...
[2026-04-06 12:19 PM IST] [TASK] Strategic insight scan...
[2026-04-06 12:20 PM IST] [TASK] Content ideation scan...
[2026-04-06 12:21 PM IST] [TASK] Market Intelligence scan starting...
[2026-04-06 12:21 PM IST] [TASK] Market update — cooldown active, skipped alert
[2026-04-06 12:23 PM IST] [TASK] Market Intelligence scan starting...
[2026-04-06 12:23 PM IST] [TASK] Market update — cooldown active, skipped alert
[2026-04-06 12:23 PM IST] [TASK] Content ideation scan...
[2026-04-06 12:24 PM IST] [TASK] Competitor watch scan...
[2026-04-06 12:25 PM IST] [TASK] Market Intelligence scan starting...
[2026-04-06 12:25 PM IST] [TASK] Market update — cooldown active, skipped alert
[2026-04-06 12:25 PM IST] [TASK] Strategic insight scan...
[2026-04-06 12:26 PM IST] [TASK] Content ideation scan...
[2026-04-06 12:28 PM IST] [TASK] Market Intelligence scan starting...
[2026-04-06 12:28 PM IST] [TASK] Market update — cooldown active, skipped alert
[2026-04-06 12:28 PM IST] [TASK] Competitor watch scan...
[2026-04-06 12:30 PM IST] [TASK] Market Intelligence scan starting...
[2026-04-06 12:30 PM IST] [ALERT] Market intelligence alert sent
[2026-04-06 12:30 PM IST] [TASK] Content ideation scan...
[2026-04-06 12:31 PM IST] [TASK] Strategic insight scan...
[2026-04-06 12:32 PM IST] [TASK] Market Intelligence scan starting...
[2026-04-06 12:32 PM IST] [TASK] Market update — cooldown active, skipped alert
[2026-04-06 12:33 PM IST] [TASK] Competitor watch scan...
[2026-04-06 12:33 PM IST] [ALERT] Competitor alert sent
[2026-04-06 12:33 PM IST] [TASK] Content ideation scan...
[2026-04-06 12:34 PM IST] [TASK] Market Intelligence scan starting...
[2026-04-06 12:34 PM IST] [TASK] Market update — cooldown active, skipped alert
[2026-04-06 12:36 PM IST] [TASK] Market Intelligence scan starting...
[2026-04-06 12:36 PM IST] [TASK] Market update — cooldown active, skipped alert
[2026-04-06 12:36 PM IST] [TASK] Content ideation scan...
[2026-04-06 12:37 PM IST] [TASK] Competitor watch scan...
[2026-04-06 12:38 PM IST] [TASK] Strategic insight scan...
[2026-04-06 12:39 PM IST] [TASK] Market Intelligence scan starting...
[2026-04-06 12:39 PM IST] [TASK] Market update — cooldown active, skipped alert
[2026-04-06 12:40 PM IST] [TASK] Content ideation scan...
[2026-04-06 12:41 PM IST] [TASK] Market Intelligence scan starting...
[2026-04-06 12:41 PM IST] [TASK] Market update — cooldown active, skipped alert
[2026-04-06 12:41 PM IST] [TASK] Competitor watch scan...
[2026-04-06 12:43 PM IST] [TASK] Market Intelligence scan starting...
[2026-04-06 12:43 PM IST] [TASK] Market update — cooldown active, skipped alert
[2026-04-06 12:43 PM IST] [TASK] Content ideation scan...
[2026-04-06 12:44 PM IST] [TASK] Strategic insight scan...
[2026-04-06 12:45 PM IST] [TASK] Market Intelligence scan starting...
[2026-04-06 12:45 PM IST] [TASK] Market update — cooldown active, skipped alert
[2026-04-06 12:46 PM IST] [TASK] Competitor watch scan...
[2026-04-06 12:46 PM IST] [TASK] Content ideation scan...
[2026-04-06 12:47 PM IST] [TASK] Market Intelligence scan starting...
[2026-04-06 12:48 PM IST] [TASK] Market update — cooldown active, skipped alert
[2026-04-06 12:50 PM IST] [TASK] Market Intelligence scan starting...
[2026-04-06 12:50 PM IST] [TASK] Market update — cooldown active, skipped alert
[2026-04-06 12:50 PM IST] [TASK] Content ideation scan...
[2026-04-06 12:50 PM IST] [TASK] Competitor watch scan...
[2026-04-06 12:50 PM IST] [TASK] Strategic insight scan...
[2026-04-06 12:52 PM IST] [TASK] Market Intelligence scan starting...
[2026-04-06 12:52 PM IST] [TASK] Market update — cooldown active, skipped alert
[2026-04-06 12:53 PM IST] [TASK] Content ideation scan...
[2026-04-06 12:54 PM IST] [TASK] Market Intelligence scan starting...
[2026-04-06 12:54 PM IST] [TASK] Market update — cooldown active, skipped alert
[2026-04-06 12:55 PM IST] [TASK] Competitor watch scan...
[2026-04-06 12:56 PM IST] [TASK] Market Intelligence scan starting...
[2026-04-06 12:56 PM IST] [TASK] Market update — cooldown active, skipped alert
[2026-04-06 12:56 PM IST] [TASK] Content ideation scan...
[2026-04-06 12:56 PM IST] [TASK] Strategic insight scan...
[2026-04-06 12:59 PM IST] [TASK] Market Intelligence scan starting...
[2026-04-06 12:59 PM IST] [TASK] Market update — cooldown active, skipped alert
[2026-04-06 12:59 PM IST] [TASK] Competitor watch scan...
[2026-04-06 01:00 PM IST] [TASK] Content ideation scan...
[2026-04-06 01:01 PM IST] [TASK] Market Intelligence scan starting...
[2026-04-06 01:01 PM IST] [TASK] Market update — cooldown active, skipped alert
[2026-04-06 01:02 PM IST] [TASK] Strategic insight scan...
[2026-04-06 01:03 PM IST] [TASK] Market Intelligence scan starting...
[2026-04-06 01:03 PM IST] [TASK] Market update — cooldown active, skipped alert
[2026-04-06 01:03 PM IST] [TASK] Content ideation scan...
[2026-04-06 01:04 PM IST] [TASK] Competitor watch scan...
[2026-04-06 01:05 PM IST] [TASK] Market Intelligence scan starting...
[2026-04-06 01:05 PM IST] [TASK] Market update — cooldown active, skipped alert
[2026-04-06 01:06 PM IST] [TASK] Content ideation scan...
[2026-04-06 01:07 PM IST] [TASK] Market Intelligence scan starting...
[2026-04-06 01:07 PM IST] [TASK] Market update — cooldown active, skipped alert
[2026-04-06 01:08 PM IST] [TASK] Competitor watch scan...
[2026-04-06 01:08 PM IST] [TASK] Strategic insight scan...
[2026-04-06 01:10 PM IST] [TASK] Market Intelligence scan starting...
[2026-04-06 01:10 PM IST] [TASK] Market update — cooldown active, skipped alert
[2026-04-06 01:10 PM IST] [TASK] Content ideation scan...
[2026-04-06 01:12 PM IST] [TASK] Market Intelligence scan starting...
[2026-04-06 01:12 PM IST] [TASK] Market update — cooldown active, skipped alert
[2026-04-06 01:12 PM IST] [TASK] Competitor watch scan...
[2026-04-06 01:13 PM IST] [TASK] Content ideation scan...
[2026-04-06 01:14 PM IST] [TASK] Market Intelligence scan starting...
[2026-04-06 01:14 PM IST] [TASK] Market update — cooldown active, skipped alert
[2026-04-06 01:14 PM IST] [TASK] Strategic insight scan...
[2026-04-06 01:16 PM IST] [TASK] Market Intelligence scan starting...
[2026-04-06 01:16 PM IST] [TASK] Market update — cooldown active, skipped alert
[2026-04-06 01:16 PM IST] [TASK] Content ideation scan...
[2026-04-06 01:17 PM IST] [TASK] Competitor watch scan...
[2026-04-06 01:18 PM IST] [TASK] Market Intelligence scan starting...
[2026-04-06 01:18 PM IST] [TASK] Market update — cooldown active, skipped alert
[2026-04-06 01:19 PM IST] [TASK] Content ideation scan...
[2026-04-06 01:20 PM IST] [TASK] Market Intelligence scan starting...
[2026-04-06 01:21 PM IST] [TASK] Market update — cooldown active, skipped alert
[2026-04-06 01:21 PM IST] [TASK] Competitor watch scan...
[2026-04-06 01:21 PM IST] [TASK] Strategic insight scan...
[2026-04-06 01:23 PM IST] [TASK] Market Intelligence scan starting...
[2026-04-06 01:23 PM IST] [TASK] Market update — cooldown active, skipped alert
[2026-04-06 01:23 PM IST] [TASK] Content ideation scan...
[2026-04-06 01:25 PM IST] [TASK] Market Intelligence scan starting...
[2026-04-06 01:25 PM IST] [TASK] Market update — cooldown active, skipped alert
[2026-04-06 01:25 PM IST] [TASK] Competitor watch scan...
[2026-04-06 01:26 PM IST] [TASK] Content ideation scan...
[2026-04-06 01:27 PM IST] [TASK] Market Intelligence scan starting...
[2026-04-06 01:27 PM IST] [TASK] Market update — cooldown active, skipped alert
[2026-04-06 01:27 PM IST] [TASK] Strategic insight scan...
[2026-04-06 01:29 PM IST] [TASK] Market Intelligence scan starting...
[2026-04-06 01:29 PM IST] [TASK] Market update — cooldown active, skipped alert
[2026-04-06 01:29 PM IST] [TASK] Content ideation scan...
[2026-04-06 01:30 PM IST] [TASK] Competitor watch scan...
[2026-04-06 01:30 PM IST] [ALERT] Competitor alert sent
[2026-04-06 01:32 PM IST] [TASK] Market Intelligence scan starting...
[2026-04-06 01:32 PM IST] [ALERT] Market intelligence alert sent
[2026-04-06 01:33 PM IST] [TASK] Content ideation scan...
[2026-04-06 01:33 PM IST] [TASK] Strategic insight scan...
[2026-04-06 01:34 PM IST] [TASK] Market Intelligence scan starting...
[2026-04-06 01:34 PM IST] [TASK] Market update — cooldown active, skipped alert
[2026-04-06 01:34 PM IST] [TASK] Competitor watch scan...
[2026-04-06 01:36 PM IST] [TASK] Market Intelligence scan starting...
[2026-04-06 01:36 PM IST] [TASK] Market update — cooldown active, skipped alert
[2026-04-06 01:36 PM IST] [TASK] Content ideation scan...
[2026-04-06 01:38 PM IST] [TASK] Market Intelligence scan starting...
[2026-04-06 01:38 PM IST] [TASK] Market update — cooldown active, skipped alert
[2026-04-06 01:39 PM IST] [TASK] Competitor watch scan...
[2026-04-06 01:39 PM IST] [TASK] Content ideation scan...
[2026-04-06 01:39 PM IST] [TASK] Strategic insight scan...
[2026-04-06 01:41 PM IST] [TASK] Market Intelligence scan starting...
[2026-04-06 01:41 PM IST] [TASK] Market update — cooldown active, skipped alert
[2026-04-06 01:43 PM IST] [TASK] Market Intelligence scan starting...
[2026-04-06 01:43 PM IST] [TASK] Market update — cooldown active, skipped alert
[2026-04-06 01:43 PM IST] [TASK] Content ideation scan...
[2026-04-06 01:43 PM IST] [TASK] Competitor watch scan...
[2026-04-06 01:45 PM IST] [TASK] Market Intelligence scan starting...
[2026-04-06 01:45 PM IST] [TASK] Market update — cooldown active, skipped alert
[2026-04-06 01:45 PM IST] [TASK] Strategic insight scan...
[2026-04-06 01:46 PM IST] [TASK] Content ideation scan...
[2026-04-06 01:47 PM IST] [TASK] Market Intelligence scan starting...
[2026-04-06 01:47 PM IST] [TASK] Market update — cooldown active, skipped alert
[2026-04-06 01:48 PM IST] [TASK] Competitor watch scan...
[2026-04-06 01:49 PM IST] [TASK] Market Intelligence scan starting...
[2026-04-06 01:49 PM IST] [TASK] Market update — cooldown active, skipped alert
[2026-04-06 01:49 PM IST] [TASK] Content ideation scan...
[2026-04-06 01:51 PM IST] [TASK] Market Intelligence scan starting...
[2026-04-06 01:51 PM IST] [TASK] Market update — cooldown active, skipped alert
[2026-04-06 01:52 PM IST] [TASK] Competitor watch scan...
[2026-04-06 01:52 PM IST] [TASK] Strategic insight scan...
[2026-04-06 01:53 PM IST] [TASK] Content ideation scan...
[2026-04-06 01:54 PM IST] [TASK] Market Intelligence scan starting...
[2026-04-06 01:54 PM IST] [TASK] Market update — cooldown active, skipped alert
[2026-04-06 01:56 PM IST] [TASK] Market Intelligence scan starting...
[2026-04-06 01:56 PM IST] [TASK] Market update — cooldown active, skipped alert
[2026-04-06 01:56 PM IST] [TASK] Content ideation scan...
[2026-04-06 01:56 PM IST] [TASK] Competitor watch scan...
[2026-04-06 01:58 PM IST] [TASK] Market Intelligence scan starting...
[2026-04-06 01:58 PM IST] [TASK] Market update — cooldown active, skipped alert
[2026-04-06 01:58 PM IST] [TASK] Strategic insight scan...
[2026-04-06 01:59 PM IST] [TASK] Content ideation scan...
[2026-04-06 02:00 PM IST] [TASK] Market Intelligence scan starting...
[2026-04-06 02:00 PM IST] [TASK] Market update — cooldown active, skipped alert
[2026-04-06 02:01 PM IST] [TASK] Competitor watch scan...
[2026-04-06 02:03 PM IST] [TASK] Market Intelligence scan starting...
[2026-04-06 02:03 PM IST] [TASK] Market update — cooldown active, skipped alert
[2026-04-06 02:03 PM IST] [TASK] Content ideation scan...
[2026-04-06 02:04 PM IST] [TASK] Strategic insight scan...
[2026-04-06 02:05 PM IST] [TASK] Market Intelligence scan starting...
[2026-04-06 02:05 PM IST] [TASK] Market update — cooldown active, skipped alert
[2026-04-06 02:05 PM IST] [TASK] Competitor watch scan...
[2026-04-06 02:06 PM IST] [TASK] Content ideation scan...
[2026-04-06 02:07 PM IST] [TASK] Market Intelligence scan starting...
[2026-04-06 02:07 PM IST] [TASK] Market update — cooldown active, skipped alert
[2026-04-06 02:09 PM IST] [TASK] Market Intelligence scan starting...
[2026-04-06 02:09 PM IST] [TASK] Market update — cooldown active, skipped alert
[2026-04-06 02:09 PM IST] [TASK] Content ideation scan...
[2026-04-06 02:10 PM IST] [TASK] Competitor watch scan...
[2026-04-06 02:10 PM IST] [TASK] Strategic insight scan...
[2026-04-06 02:11 PM IST] [TASK] Market Intelligence scan starting...
[2026-04-06 02:12 PM IST] [TASK] Market update — cooldown active, skipped alert
[2026-04-06 02:13 PM IST] [TASK] Content ideation scan...
[2026-04-06 02:14 PM IST] [TASK] Market Intelligence scan starting...
[2026-04-06 02:14 PM IST] [TASK] Market update — cooldown active, skipped alert
[2026-04-06 02:14 PM IST] [TASK] Competitor watch scan...
[2026-04-06 02:16 PM IST] [TASK] Market Intelligence scan starting...
[2026-04-06 02:16 PM IST] [TASK] Market update — cooldown active, skipped alert
[2026-04-06 02:16 PM IST] [TASK] Content ideation scan...
[2026-04-06 02:16 PM IST] [TASK] Strategic insight scan...
[2026-04-06 02:18 PM IST] [TASK] Market Intelligence scan starting...
[2026-04-06 02:18 PM IST] [TASK] Market update — cooldown active, skipped alert
[2026-04-06 02:19 PM IST] [TASK] Competitor watch scan...
[2026-04-06 02:19 PM IST] [TASK] Content ideation scan...
[2026-04-06 02:20 PM IST] [TASK] Market Intelligence scan starting...
[2026-04-06 02:20 PM IST] [TASK] Market update — cooldown active, skipped alert
[2026-04-06 02:22 PM IST] [TASK] Market Intelligence scan starting...
[2026-04-06 02:22 PM IST] [TASK] Market update — cooldown active, skipped alert
[2026-04-06 02:22 PM IST] [TASK] Content ideation scan...
[2026-04-06 02:23 PM IST] [TASK] Competitor watch scan...
[2026-04-06 02:23 PM IST] [TASK] Strategic insight scan...
[2026-04-06 02:25 PM IST] [TASK] Market Intelligence scan starting...
[2026-04-06 02:25 PM IST] [TASK] Market update — cooldown active, skipped alert
[2026-04-06 02:26 PM IST] [TASK] Content ideation scan...
[2026-04-06 02:27 PM IST] [TASK] Market Intelligence scan starting...
[2026-04-06 02:27 PM IST] [TASK] Market update — cooldown active, skipped alert
[2026-04-06 02:27 PM IST] [TASK] Competitor watch scan...
[2026-04-06 02:29 PM IST] [TASK] Market Intelligence scan starting...
[2026-04-06 02:29 PM IST] [TASK] Market update — cooldown active, skipped alert
[2026-04-06 02:29 PM IST] [TASK] Content ideation scan...
[2026-04-06 02:29 PM IST] [TASK] Strategic insight scan...
[2026-04-06 02:31 PM IST] [TASK] Market Intelligence scan starting...
[2026-04-06 02:31 PM IST] [ALERT] Market intelligence alert sent
[2026-04-06 02:32 PM IST] [TASK] Competitor watch scan...
[2026-04-06 02:32 PM IST] [ALERT] Competitor alert sent
[2026-04-06 02:32 PM IST] [TASK] Content ideation scan...
[2026-04-06 02:34 PM IST] [TASK] Market Intelligence scan starting...
[2026-04-06 02:34 PM IST] [TASK] Market update — cooldown active, skipped alert
[2026-04-06 02:35 PM IST] [TASK] Strategic insight scan...
[2026-04-06 02:36 PM IST] [TASK] Market Intelligence scan starting...
[2026-04-06 02:36 PM IST] [TASK] Market update — cooldown active, skipped alert
[2026-04-06 02:36 PM IST] [TASK] Content ideation scan...
[2026-04-06 02:36 PM IST] [TASK] Competitor watch scan...
[2026-04-06 02:38 PM IST] [TASK] Market Intelligence scan starting...
[2026-04-06 02:38 PM IST] [TASK] Market update — cooldown active, skipped alert
[2026-04-06 02:39 PM IST] [TASK] Content ideation scan...
[2026-04-06 02:40 PM IST] [TASK] Market Intelligence scan starting...
[2026-04-06 02:40 PM IST] [TASK] Market update — cooldown active, skipped alert
[2026-04-06 02:41 PM IST] [TASK] Competitor watch scan...
[2026-04-06 02:41 PM IST] [TASK] Strategic insight scan...
[2026-04-06 02:42 PM IST] [TASK] Market Intelligence scan starting...
[2026-04-06 02:42 PM IST] [TASK] Market update — cooldown active, skipped alert
[2026-04-06 02:42 PM IST] [TASK] Content ideation scan...
[2026-04-06 02:45 PM IST] [TASK] Market Intelligence scan starting...
[2026-04-06 02:45 PM IST] [TASK] Market update — cooldown active, skipped alert
[2026-04-06 02:45 PM IST] [TASK] Competitor watch scan...
[2026-04-06 02:46 PM IST] [TASK] Content ideation scan...
[2026-04-06 02:47 PM IST] [TASK] Market Intelligence scan starting...
[2026-04-06 02:47 PM IST] [TASK] Market update — cooldown active, skipped alert
[2026-04-06 02:47 PM IST] [TASK] Strategic insight scan...
[2026-04-06 02:49 PM IST] [TASK] Market Intelligence scan starting...
[2026-04-06 02:49 PM IST] [TASK] Market update — cooldown active, skipped alert
[2026-04-06 02:49 PM IST] [TASK] Content ideation scan...
[2026-04-06 02:50 PM IST] [TASK] Competitor watch scan...
[2026-04-06 02:51 PM IST] [TASK] Market Intelligence scan starting...
[2026-04-06 02:51 PM IST] [TASK] Market update — cooldown active, skipped alert
[2026-04-06 02:52 PM IST] [TASK] Content ideation scan...
[2026-04-06 02:53 PM IST] [TASK] Market Intelligence scan starting...
[2026-04-06 02:53 PM IST] [TASK] Market update — cooldown active, skipped alert
[2026-04-06 02:54 PM IST] [TASK] Competitor watch scan...
[2026-04-06 02:54 PM IST] [TASK] Strategic insight scan...
[2026-04-06 02:56 PM IST] [TASK] Market Intelligence scan starting...
[2026-04-06 02:56 PM IST] [TASK] Market update — cooldown active, skipped alert
[2026-04-06 02:56 PM IST] [TASK] Content ideation scan...
[2026-04-06 02:58 PM IST] [TASK] Market Intelligence scan starting...
[2026-04-06 02:58 PM IST] [TASK] Market update — cooldown active, skipped alert
[2026-04-06 02:58 PM IST] [TASK] Competitor watch scan...
[2026-04-06 02:59 PM IST] [TASK] Content ideation scan...
[2026-04-06 03:00 PM IST] [TASK] Market Intelligence scan starting...
[2026-04-06 03:00 PM IST] [TASK] Market update — cooldown active, skipped alert
[2026-04-06 03:00 PM IST] [TASK] Strategic insight scan...
[2026-04-06 03:02 PM IST] [TASK] Market Intelligence scan starting...
[2026-04-06 03:02 PM IST] [TASK] Market update — cooldown active, skipped alert
[2026-04-06 03:02 PM IST] [TASK] Content ideation scan...
[2026-04-06 03:03 PM IST] [TASK] Competitor watch scan...
[2026-04-06 03:04 PM IST] [TASK] Market Intelligence scan starting...
[2026-04-06 03:04 PM IST] [TASK] Market update — cooldown active, skipped alert
[2026-04-06 03:05 PM IST] [TASK] Content ideation scan...
[2026-04-06 03:06 PM IST] [TASK] Strategic insight scan...
[2026-04-06 03:07 PM IST] [TASK] Market Intelligence scan starting...
[2026-04-06 03:07 PM IST] [TASK] Market update — cooldown active, skipped alert
[2026-04-06 03:07 PM IST] [TASK] Competitor watch scan...
[2026-04-06 03:09 PM IST] [TASK] Market Intelligence scan starting...
[2026-04-06 03:09 PM IST] [TASK] Market update — cooldown active, skipped alert
[2026-04-06 03:09 PM IST] [TASK] Content ideation scan...
[2026-04-06 03:11 PM IST] [TASK] Market Intelligence scan starting...
[2026-04-06 03:11 PM IST] [TASK] Market update — cooldown active, skipped alert
[2026-04-06 03:12 PM IST] [TASK] Competitor watch scan...
[2026-04-06 03:12 PM IST] [TASK] Content ideation scan...
[2026-04-06 03:12 PM IST] [TASK] Strategic insight scan...
[2026-04-06 03:13 PM IST] [TASK] Market Intelligence scan starting...
[2026-04-06 03:13 PM IST] [TASK] Market update — cooldown active, skipped alert
[2026-04-06 03:15 PM IST] [TASK] Market Intelligence scan starting...
[2026-04-06 03:15 PM IST] [TASK] Market update — cooldown active, skipped alert
[2026-04-06 03:15 PM IST] [TASK] Content ideation scan...
[2026-04-06 03:16 PM IST] [TASK] Competitor watch scan...
[2026-04-06 03:18 PM IST] [TASK] Market Intelligence scan starting...
[2026-04-06 03:18 PM IST] [TASK] Market update — cooldown active, skipped alert
[2026-04-06 03:18 PM IST] [TASK] Strategic insight scan...
[2026-04-06 03:19 PM IST] [TASK] Content ideation scan...
[2026-04-06 03:20 PM IST] [TASK] Market Intelligence scan starting...
[2026-04-06 03:20 PM IST] [TASK] Market update — cooldown active, skipped alert
[2026-04-06 03:20 PM IST] [TASK] Competitor watch scan...
[2026-04-06 03:22 PM IST] [TASK] Market Intelligence scan starting...
[2026-04-06 03:22 PM IST] [TASK] Market update — cooldown active, skipped alert
[2026-04-06 03:22 PM IST] [TASK] Content ideation scan...
[2026-04-06 03:24 PM IST] [TASK] Market Intelligence scan starting...
[2026-04-06 03:24 PM IST] [TASK] Market update — cooldown active, skipped alert
[2026-04-06 03:24 PM IST] [TASK] Strategic insight scan...
[2026-04-06 03:25 PM IST] [TASK] Competitor watch scan...
[2026-04-06 03:26 PM IST] [TASK] Content ideation scan...
[2026-04-06 03:27 PM IST] [TASK] Market Intelligence scan starting...
[2026-04-06 03:27 PM IST] [TASK] Market update — cooldown active, skipped alert
[2026-04-06 03:29 PM IST] [TASK] Market Intelligence scan starting...
[2026-04-06 03:29 PM IST] [TASK] Market update — cooldown active, skipped alert
[2026-04-06 03:29 PM IST] [TASK] Content ideation scan...
[2026-04-06 03:29 PM IST] [TASK] Competitor watch scan...
[2026-04-06 03:30 PM IST] [TASK] Strategic insight scan...
[2026-04-06 03:31 PM IST] [TASK] Market Intelligence scan starting...
[2026-04-06 03:31 PM IST] [ALERT] Market intelligence alert sent
[2026-04-06 03:32 PM IST] [TASK] Content ideation scan...
[2026-04-06 03:33 PM IST] [TASK] Market Intelligence scan starting...
[2026-04-06 03:33 PM IST] [TASK] Market update — cooldown active, skipped alert
[2026-04-06 03:34 PM IST] [TASK] Competitor watch scan...
[2026-04-06 03:34 PM IST] [ALERT] Competitor alert sent
[2026-04-06 03:35 PM IST] [TASK] Market Intelligence scan starting...
[2026-04-06 03:35 PM IST] [TASK] Market update — cooldown active, skipped alert
[2026-04-06 03:35 PM IST] [TASK] Content ideation scan...
[2026-04-06 03:36 PM IST] [TASK] Strategic insight scan...
[2026-04-06 03:38 PM IST] [TASK] Market Intelligence scan starting...
[2026-04-06 03:38 PM IST] [TASK] Market update — cooldown active, skipped alert
[2026-04-06 03:38 PM IST] [TASK] Competitor watch scan...
[2026-04-06 03:39 PM IST] [TASK] Content ideation scan...
[2026-04-06 03:40 PM IST] [TASK] Market Intelligence scan starting...
[2026-04-06 03:40 PM IST] [TASK] Market update — cooldown active, skipped alert
[2026-04-06 03:42 PM IST] [TASK] Market Intelligence scan starting...
[2026-04-06 03:42 PM IST] [TASK] Market update — cooldown active, skipped alert
[2026-04-06 03:42 PM IST] [TASK] Content ideation scan...
[2026-04-06 03:43 PM IST] [TASK] Competitor watch scan...
[2026-04-06 03:43 PM IST] [TASK] Strategic insight scan...
[2026-04-06 03:44 PM IST] [TASK] Market Intelligence scan starting...
[2026-04-06 03:44 PM IST] [TASK] Market update — cooldown active, skipped alert
[2026-04-06 03:45 PM IST] [TASK] Content ideation scan...
[2026-04-06 03:46 PM IST] [TASK] Market Intelligence scan starting...
[2026-04-06 03:46 PM IST] [TASK] Market update — cooldown active, skipped alert
[2026-04-06 03:47 PM IST] [TASK] Competitor watch scan...
[2026-04-06 03:49 PM IST] [TASK] Market Intelligence scan starting...
[2026-04-06 03:49 PM IST] [TASK] Market update — cooldown active, skipped alert
[2026-04-06 03:49 PM IST] [TASK] Content ideation scan...
[2026-04-06 03:49 PM IST] [TASK] Strategic insight scan...
[2026-04-06 03:51 PM IST] [TASK] Market Intelligence scan starting...
[2026-04-06 03:51 PM IST] [TASK] Market update — cooldown active, skipped alert
[2026-04-06 03:51 PM IST] [TASK] Competitor watch scan...
[2026-04-06 03:52 PM IST] [TASK] Content ideation scan...
[2026-04-06 03:53 PM IST] [TASK] Market Intelligence scan starting...
[2026-04-06 03:53 PM IST] [TASK] Market update — cooldown active, skipped alert
[2026-04-06 03:55 PM IST] [TASK] Strategic insight scan...
[2026-04-06 03:55 PM IST] [TASK] Market Intelligence scan starting...
[2026-04-06 03:55 PM IST] [TASK] Market update — cooldown active, skipped alert
[2026-04-06 03:55 PM IST] [TASK] Content ideation scan...
[2026-04-06 03:56 PM IST] [TASK] Competitor watch scan...
[2026-04-06 03:57 PM IST] [TASK] Market Intelligence scan starting...
[2026-04-06 03:57 PM IST] [TASK] Market update — cooldown active, skipped alert
[2026-04-06 03:58 PM IST] [TASK] Content ideation scan...
[2026-04-06 04:00 PM IST] [TASK] Market Intelligence scan starting...
[2026-04-06 04:00 PM IST] [TASK] Market update — cooldown active, skipped alert
[2026-04-06 04:00 PM IST] [TASK] Competitor watch scan...
[2026-04-06 04:01 PM IST] [TASK] Strategic insight scan...
[2026-04-06 04:02 PM IST] [TASK] Market Intelligence scan starting...
[2026-04-06 04:02 PM IST] [TASK] Market update — cooldown active, skipped alert
[2026-04-06 04:02 PM IST] [TASK] Content ideation scan...
[2026-04-06 04:04 PM IST] [TASK] Market Intelligence scan starting...
[2026-04-06 04:04 PM IST] [TASK] Market update — cooldown active, skipped alert
[2026-04-06 04:05 PM IST] [TASK] Competitor watch scan...
[2026-04-06 04:05 PM IST] [TASK] Content ideation scan...
[2026-04-06 04:06 PM IST] [TASK] Market Intelligence scan starting...
[2026-04-06 04:06 PM IST] [TASK] Market update — cooldown active, skipped alert
[2026-04-06 04:07 PM IST] [TASK] Strategic insight scan...
[2026-04-06 04:08 PM IST] [TASK] Market Intelligence scan starting...
[2026-04-06 04:08 PM IST] [TASK] Market update — cooldown active, skipped alert
[2026-04-06 04:08 PM IST] [TASK] Content ideation scan...
[2026-04-06 04:09 PM IST] [TASK] Competitor watch scan...
[2026-04-06 04:11 PM IST] [TASK] Market Intelligence scan starting...
[2026-04-06 04:11 PM IST] [TASK] Market update — cooldown active, skipped alert
[2026-04-06 04:12 PM IST] [TASK] Content ideation scan...
[2026-04-06 04:13 PM IST] [TASK] Market Intelligence scan starting...
[2026-04-06 04:13 PM IST] [TASK] Market update — cooldown active, skipped alert
[2026-04-06 04:13 PM IST] [TASK] Strategic insight scan...
[2026-04-06 04:13 PM IST] [TASK] Competitor watch scan...
[2026-04-06 04:15 PM IST] [TASK] Market Intelligence scan starting...
[2026-04-06 04:15 PM IST] [TASK] Market update — cooldown active, skipped alert
[2026-04-06 04:15 PM IST] [TASK] Content ideation scan...
[2026-04-06 04:17 PM IST] [TASK] Market Intelligence scan starting...
[2026-04-06 04:17 PM IST] [TASK] Market update — cooldown active, skipped alert
[2026-04-06 04:18 PM IST] [TASK] Competitor watch scan...
[2026-04-06 04:18 PM IST] [TASK] Content ideation scan...
[2026-04-06 04:19 PM IST] [TASK] Strategic insight scan...
[2026-04-06 04:20 PM IST] [TASK] Market Intelligence scan starting...
[2026-04-06 04:20 PM IST] [TASK] Market update — cooldown active, skipped alert
[2026-04-06 04:22 PM IST] [TASK] Market Intelligence scan starting...
[2026-04-06 04:22 PM IST] [TASK] Market update — cooldown active, skipped alert
[2026-04-06 04:22 PM IST] [TASK] Content ideation scan...
[2026-04-06 04:22 PM IST] [TASK] Competitor watch scan...
[2026-04-06 04:24 PM IST] [TASK] Market Intelligence scan starting...
[2026-04-06 04:24 PM IST] [TASK] Market update — cooldown active, skipped alert
[2026-04-06 04:25 PM IST] [TASK] Content ideation scan...
[2026-04-06 04:25 PM IST] [TASK] Strategic insight scan...
[2026-04-06 04:26 PM IST] [TASK] Market Intelligence scan starting...
[2026-04-06 04:26 PM IST] [TASK] Market update — cooldown active, skipped alert
[2026-04-06 04:27 PM IST] [TASK] Competitor watch scan...
[2026-04-06 04:28 PM IST] [TASK] Market Intelligence scan starting...
[2026-04-06 04:28 PM IST] [TASK] Market update — cooldown active, skipped alert
[2026-04-06 04:28 PM IST] [TASK] Content ideation scan...
[2026-04-06 04:30 PM IST] [TASK] Market Intelligence scan starting...
[2026-04-06 04:30 PM IST] [ALERT] Market intelligence alert sent
[2026-04-06 04:31 PM IST] [TASK] Competitor watch scan...
[2026-04-06 04:31 PM IST] [ALERT] Competitor alert sent
[2026-04-06 04:32 PM IST] [TASK] Content ideation scan...
[2026-04-06 04:32 PM IST] [TASK] Strategic insight scan...
[2026-04-06 04:33 PM IST] [TASK] Market Intelligence scan starting...
[2026-04-06 04:33 PM IST] [TASK] Market update — cooldown active, skipped alert
[2026-04-06 04:35 PM IST] [TASK] Market Intelligence scan starting...
[2026-04-06 04:35 PM IST] [TASK] Market update — cooldown active, skipped alert
[2026-04-06 04:35 PM IST] [TASK] Content ideation scan...
[2026-04-06 04:36 PM IST] [TASK] Competitor watch scan...
[2026-04-06 04:37 PM IST] [TASK] Market Intelligence scan starting...
[2026-04-06 04:37 PM IST] [TASK] Market update — cooldown active, skipped alert
[2026-04-06 04:38 PM IST] [TASK] Strategic insight scan...
[2026-04-06 04:38 PM IST] [TASK] Content ideation scan...
[2026-04-06 04:39 PM IST] [TASK] Market Intelligence scan starting...
[2026-04-06 04:39 PM IST] [TASK] Market update — cooldown active, skipped alert
[2026-04-06 04:40 PM IST] [TASK] Competitor watch scan...
[2026-04-06 04:42 PM IST] [TASK] Market Intelligence scan starting...
[2026-04-06 04:42 PM IST] [TASK] Market update — cooldown active, skipped alert
[2026-04-06 04:42 PM IST] [TASK] Content ideation scan...
[2026-04-06 04:44 PM IST] [TASK] Market Intelligence scan starting...
[2026-04-06 04:44 PM IST] [TASK] Market update — cooldown active, skipped alert
[2026-04-06 04:44 PM IST] [TASK] Competitor watch scan...
[2026-04-06 04:44 PM IST] [TASK] Strategic insight scan...
[2026-04-06 04:45 PM IST] [TASK] Content ideation scan...
[2026-04-06 04:46 PM IST] [TASK] Market Intelligence scan starting...
[2026-04-06 04:46 PM IST] [TASK] Market update — cooldown active, skipped alert
[2026-04-06 04:48 PM IST] [TASK] Market Intelligence scan starting...
[2026-04-06 04:48 PM IST] [TASK] Market update — cooldown active, skipped alert
[2026-04-06 04:48 PM IST] [TASK] Content ideation scan...
[2026-04-06 04:49 PM IST] [TASK] Competitor watch scan...
[2026-04-06 04:50 PM IST] [TASK] Market Intelligence scan starting...
[2026-04-06 04:50 PM IST] [TASK] Market update — cooldown active, skipped alert
[2026-04-06 04:50 PM IST] [TASK] Strategic insight scan...
[2026-04-06 04:52 PM IST] [TASK] Content ideation scan...
[2026-04-06 04:53 PM IST] [TASK] Market Intelligence scan starting...
[2026-04-06 04:53 PM IST] [TASK] Market update — cooldown active, skipped alert
[2026-04-06 04:53 PM IST] [TASK] Competitor watch scan...
[2026-04-06 04:55 PM IST] [TASK] Market Intelligence scan starting...
[2026-04-06 04:55 PM IST] [TASK] Market update — cooldown active, skipped alert
[2026-04-06 04:55 PM IST] [TASK] Content ideation scan...
[2026-04-06 04:56 PM IST] [TASK] Strategic insight scan...
[2026-04-06 04:57 PM IST] [TASK] Market Intelligence scan starting...
[2026-04-06 04:57 PM IST] [TASK] Market update — cooldown active, skipped alert
[2026-04-06 04:58 PM IST] [TASK] Competitor watch scan...
[2026-04-06 04:58 PM IST] [TASK] Content ideation scan...
[2026-04-06 04:59 PM IST] [TASK] Market Intelligence scan starting...
[2026-04-06 04:59 PM IST] [TASK] Market update — cooldown active, skipped alert
[2026-04-06 05:01 PM IST] [TASK] Market Intelligence scan starting...
[2026-04-06 05:01 PM IST] [TASK] Market update — cooldown active, skipped alert
[2026-04-06 05:01 PM IST] [TASK] Content ideation scan...
[2026-04-06 05:02 PM IST] [TASK] Competitor watch scan...
[2026-04-06 05:03 PM IST] [TASK] Strategic insight scan...
[2026-04-06 05:04 PM IST] [TASK] Market Intelligence scan starting...
[2026-04-06 05:04 PM IST] [TASK] Market update — cooldown active, skipped alert
[2026-04-06 05:05 PM IST] [TASK] Content ideation scan...
[2026-04-06 05:06 PM IST] [TASK] Market Intelligence scan starting...
[2026-04-06 05:06 PM IST] [TASK] Market update — cooldown active, skipped alert
[2026-04-06 05:06 PM IST] [TASK] Competitor watch scan...
[2026-04-06 05:08 PM IST] [TASK] Market Intelligence scan starting...
[2026-04-06 05:08 PM IST] [TASK] Market update — cooldown active, skipped alert
[2026-04-06 05:08 PM IST] [TASK] Content ideation scan...
[2026-04-06 05:09 PM IST] [TASK] Strategic insight scan...
[2026-04-06 05:10 PM IST] [TASK] Market Intelligence scan starting...
[2026-04-06 05:10 PM IST] [TASK] Market update — cooldown active, skipped alert
[2026-04-06 05:11 PM IST] [TASK] Competitor watch scan...
[2026-04-06 05:11 PM IST] [TASK] Content ideation scan...
[2026-04-06 05:13 PM IST] [TASK] Market Intelligence scan starting...
[2026-04-06 05:13 PM IST] [TASK] Market update — cooldown active, skipped alert
[2026-04-06 05:15 PM IST] [TASK] Market Intelligence scan starting...
[2026-04-06 05:15 PM IST] [TASK] Market update — cooldown active, skipped alert
[2026-04-06 05:15 PM IST] [TASK] Content ideation scan...
[2026-04-06 05:15 PM IST] [TASK] Competitor watch scan...
[2026-04-06 05:15 PM IST] [TASK] Strategic insight scan...
[2026-04-06 05:17 PM IST] [TASK] Market Intelligence scan starting...
[2026-04-06 05:17 PM IST] [TASK] Market update — cooldown active, skipped alert
[2026-04-06 05:18 PM IST] [TASK] Content ideation scan...
[2026-04-06 05:19 PM IST] [TASK] Market Intelligence scan starting...
[2026-04-06 05:19 PM IST] [TASK] Market update — cooldown active, skipped alert
[2026-04-06 05:20 PM IST] [TASK] Competitor watch scan...
[2026-04-06 05:21 PM IST] [TASK] Market Intelligence scan starting...
[2026-04-06 05:21 PM IST] [TASK] Market update — cooldown active, skipped alert
[2026-04-06 05:21 PM IST] [TASK] Content ideation scan...
[2026-04-06 05:21 PM IST] [TASK] Strategic insight scan...
[2026-04-06 05:24 PM IST] [TASK] Market Intelligence scan starting...
[2026-04-06 05:24 PM IST] [TASK] Market update — cooldown active, skipped alert
[2026-04-06 05:24 PM IST] [TASK] Competitor watch scan...
[2026-04-06 05:25 PM IST] [TASK] Content ideation scan...
[2026-04-06 05:26 PM IST] [TASK] Market Intelligence scan starting...
[2026-04-06 05:26 PM IST] [TASK] Market update — cooldown active, skipped alert
[2026-04-06 05:27 PM IST] [TASK] Strategic insight scan...
[2026-04-06 05:28 PM IST] [TASK] Market Intelligence scan starting...
[2026-04-06 05:28 PM IST] [TASK] Market update — cooldown active, skipped alert
[2026-04-06 05:28 PM IST] [TASK] Content ideation scan...
[2026-04-06 05:29 PM IST] [TASK] Competitor watch scan...
[2026-04-06 05:30 PM IST] [TASK] Market Intelligence scan starting...
[2026-04-06 05:30 PM IST] [ALERT] Market intelligence alert sent
[2026-04-06 05:31 PM IST] [TASK] Content ideation scan...
[2026-04-06 05:32 PM IST] [TASK] Market Intelligence scan starting...
[2026-04-06 05:33 PM IST] [TASK] Market update — cooldown active, skipped alert
[2026-04-06 05:33 PM IST] [TASK] Competitor watch scan...
[2026-04-06 05:33 PM IST] [ALERT] Competitor alert sent
[2026-04-06 05:34 PM IST] [TASK] Strategic insight scan...
[2026-04-06 05:35 PM IST] [TASK] Market Intelligence scan starting...
[2026-04-06 05:35 PM IST] [TASK] Market update — cooldown active, skipped alert
[2026-04-06 05:35 PM IST] [TASK] Content ideation scan...
[2026-04-06 05:37 PM IST] [TASK] Market Intelligence scan starting...
[2026-04-06 05:37 PM IST] [TASK] Market update — cooldown active, skipped alert
[2026-04-06 05:37 PM IST] [TASK] Competitor watch scan...
[2026-04-06 05:38 PM IST] [TASK] Content ideation scan...
[2026-04-06 05:39 PM IST] [TASK] Market Intelligence scan starting...
[2026-04-06 05:39 PM IST] [TASK] Market update — cooldown active, skipped alert
[2026-04-06 05:40 PM IST] [TASK] Strategic insight scan...
[2026-04-06 05:41 PM IST] [TASK] Market Intelligence scan starting...
[2026-04-06 05:41 PM IST] [TASK] Market update — cooldown active, skipped alert
[2026-04-06 05:41 PM IST] [TASK] Content ideation scan...
[2026-04-06 05:42 PM IST] [TASK] Competitor watch scan...
[2026-04-06 05:44 PM IST] [TASK] Market Intelligence scan starting...
[2026-04-06 05:44 PM IST] [TASK] Market update — cooldown active, skipped alert
[2026-04-06 05:45 PM IST] [TASK] Content ideation scan...
[2026-04-06 05:46 PM IST] [TASK] Market Intelligence scan starting...
[2026-04-06 05:46 PM IST] [TASK] Market update — cooldown active, skipped alert
[2026-04-06 05:46 PM IST] [TASK] Competitor watch scan...
[2026-04-06 05:46 PM IST] [MISTRAL] API error: HTTP Error 503: Service Unavailable
[2026-04-06 05:46 PM IST] [TASK] Strategic insight scan...
[2026-04-06 05:48 PM IST] [TASK] Market Intelligence scan starting...
[2026-04-06 05:48 PM IST] [TASK] Market update — cooldown active, skipped alert
[2026-04-06 05:48 PM IST] [TASK] Content ideation scan...
[2026-04-06 05:50 PM IST] [TASK] Market Intelligence scan starting...
[2026-04-06 05:50 PM IST] [TASK] Market update — cooldown active, skipped alert
[2026-04-06 05:51 PM IST] [TASK] Competitor watch scan...
[2026-04-06 05:51 PM IST] [TASK] Content ideation scan...
[2026-04-06 05:52 PM IST] [TASK] Market Intelligence scan starting...
[2026-04-06 05:53 PM IST] [TASK] Market update — cooldown active, skipped alert
[2026-04-06 05:53 PM IST] [TASK] Strategic insight scan...
[2026-04-06 05:55 PM IST] [TASK] Market Intelligence scan starting...
[2026-04-06 05:55 PM IST] [TASK] Market update — cooldown active, skipped alert
[2026-04-06 05:55 PM IST] [TASK] Content ideation scan...
[2026-04-06 05:55 PM IST] [TASK] Competitor watch scan...
[2026-04-06 05:57 PM IST] [TASK] Market Intelligence scan starting...
[2026-04-06 05:57 PM IST] [TASK] Market update — cooldown active, skipped alert
[2026-04-06 05:58 PM IST] [TASK] Content ideation scan...
[2026-04-06 05:59 PM IST] [TASK] Strategic insight scan...
[2026-04-06 05:59 PM IST] [TASK] Market Intelligence scan starting...
[2026-04-06 05:59 PM IST] [TASK] Market update — cooldown active, skipped alert
[2026-04-06 06:00 PM IST] [TASK] Competitor watch scan...
[2026-04-06 06:01 PM IST] [TASK] Market Intelligence scan starting...
[2026-04-06 06:01 PM IST] [TASK] Market update — cooldown active, skipped alert
[2026-04-06 06:01 PM IST] [TASK] Content ideation scan...
[2026-04-06 06:03 PM IST] [TASK] Market Intelligence scan starting...
[2026-04-06 06:04 PM IST] [TASK] Market update — cooldown active, skipped alert
[2026-04-06 06:04 PM IST] [TASK] Competitor watch scan...
[2026-04-06 06:05 PM IST] [TASK] Content ideation scan...
[2026-04-06 06:05 PM IST] [TASK] Strategic insight scan...
[2026-04-06 06:06 PM IST] [TASK] Market Intelligence scan starting...
[2026-04-06 06:06 PM IST] [TASK] Market update — cooldown active, skipped alert
[2026-04-06 06:08 PM IST] [TASK] Market Intelligence scan starting...
[2026-04-06 06:08 PM IST] [TASK] Market update — cooldown active, skipped alert
[2026-04-06 06:08 PM IST] [TASK] Content ideation scan...
[2026-04-06 06:09 PM IST] [TASK] Competitor watch scan...
[2026-04-06 06:10 PM IST] [TASK] Market Intelligence scan starting...
[2026-04-06 06:10 PM IST] [TASK] Market update — cooldown active, skipped alert
[2026-04-06 06:11 PM IST] [TASK] Strategic insight scan...
[2026-04-06 06:11 PM IST] [TASK] Content ideation scan...
[2026-04-06 06:12 PM IST] [TASK] Market Intelligence scan starting...
[2026-04-06 06:13 PM IST] [TASK] Market update — cooldown active, skipped alert
[2026-04-06 06:13 PM IST] [TASK] Competitor watch scan...
[2026-04-06 06:15 PM IST] [TASK] Market Intelligence scan starting...
[2026-04-06 06:15 PM IST] [TASK] Market update — cooldown active, skipped alert
[2026-04-06 06:15 PM IST] [TASK] Content ideation scan...
[2026-04-06 06:17 PM IST] [TASK] Market Intelligence scan starting...
[2026-04-06 06:17 PM IST] [TASK] Market update — cooldown active, skipped alert
[2026-04-06 06:17 PM IST] [TASK] Strategic insight scan...
[2026-04-06 06:17 PM IST] [TASK] Competitor watch scan...
[2026-04-06 06:18 PM IST] [TASK] Content ideation scan...
[2026-04-06 06:19 PM IST] [TASK] Market Intelligence scan starting...
[2026-04-06 06:19 PM IST] [TASK] Market update — cooldown active, skipped alert
[2026-04-06 06:21 PM IST] [TASK] Market Intelligence scan starting...
[2026-04-06 06:21 PM IST] [TASK] Market update — cooldown active, skipped alert
[2026-04-06 06:21 PM IST] [TASK] Content ideation scan...
[2026-04-06 06:22 PM IST] [TASK] Competitor watch scan...
[2026-04-06 06:23 PM IST] [TASK] Strategic insight scan...
[2026-04-06 06:24 PM IST] [TASK] Market Intelligence scan starting...
[2026-04-06 06:24 PM IST] [TASK] Market update — cooldown active, skipped alert
[2026-04-06 06:25 PM IST] [TASK] Content ideation scan...
[2026-04-06 06:26 PM IST] [TASK] Market Intelligence scan starting...
[2026-04-06 06:26 PM IST] [TASK] Market update — cooldown active, skipped alert
[2026-04-06 06:26 PM IST] [TASK] Competitor watch scan...
[2026-04-06 06:28 PM IST] [TASK] Market Intelligence scan starting...
[2026-04-06 06:28 PM IST] [TASK] Market update — cooldown active, skipped alert
[2026-04-06 06:28 PM IST] [TASK] Content ideation scan...
[2026-04-06 06:29 PM IST] [TASK] Strategic insight scan...
[2026-04-06 06:30 PM IST] [TASK] Market Intelligence scan starting...
[2026-04-06 06:30 PM IST] [ALERT] Market intelligence alert sent
[2026-04-06 06:31 PM IST] [TASK] Competitor watch scan...
[2026-04-06 06:31 PM IST] [ALERT] Competitor alert sent
[2026-04-06 06:31 PM IST] [TASK] Content ideation scan...
[2026-04-06 06:32 PM IST] [TASK] Market Intelligence scan starting...
[2026-04-06 06:32 PM IST] [TASK] Market update — cooldown active, skipped alert
[2026-04-06 06:34 PM IST] [TASK] Market Intelligence scan starting...
[2026-04-06 06:34 PM IST] [TASK] Market update — cooldown active, skipped alert
[2026-04-06 06:34 PM IST] [TASK] Content ideation scan...
[2026-04-06 06:35 PM IST] [TASK] Competitor watch scan...
[2026-04-06 06:35 PM IST] [TASK] Strategic insight scan...
[2026-04-06 06:37 PM IST] [TASK] Market Intelligence scan starting...
[2026-04-06 06:37 PM IST] [TASK] Market update — cooldown active, skipped alert
[2026-04-06 06:38 PM IST] [TASK] Content ideation scan...
[2026-04-06 06:39 PM IST] [TASK] Market Intelligence scan starting...
[2026-04-06 06:39 PM IST] [TASK] Market update — cooldown active, skipped alert
[2026-04-06 06:39 PM IST] [TASK] Competitor watch scan...
[2026-04-06 06:41 PM IST] [TASK] Market Intelligence scan starting...
[2026-04-06 06:41 PM IST] [TASK] Market update — cooldown active, skipped alert
[2026-04-06 06:41 PM IST] [TASK] Content ideation scan...
[2026-04-06 06:42 PM IST] [TASK] Strategic insight scan...
[2026-04-06 06:43 PM IST] [TASK] Market Intelligence scan starting...
[2026-04-06 06:43 PM IST] [TASK] Market update — cooldown active, skipped alert
[2026-04-06 06:44 PM IST] [TASK] Competitor watch scan...
[2026-04-06 06:44 PM IST] [TASK] Content ideation scan...
[2026-04-06 06:46 PM IST] [TASK] Market Intelligence scan starting...
[2026-04-06 06:46 PM IST] [TASK] Market update — cooldown active, skipped alert
[2026-04-06 06:48 PM IST] [TASK] Market Intelligence scan starting...
[2026-04-06 06:48 PM IST] [TASK] Market update — cooldown active, skipped alert
[2026-04-06 06:48 PM IST] [TASK] Content ideation scan...
[2026-04-06 06:48 PM IST] [TASK] Competitor watch scan...
[2026-04-06 06:48 PM IST] [TASK] Strategic insight scan...
[2026-04-06 06:50 PM IST] [TASK] Market Intelligence scan starting...
[2026-04-06 06:50 PM IST] [TASK] Market update — cooldown active, skipped alert
[2026-04-06 06:51 PM IST] [TASK] Content ideation scan...
[2026-04-06 06:52 PM IST] [TASK] Market Intelligence scan starting...
[2026-04-06 06:52 PM IST] [TASK] Market update — cooldown active, skipped alert
[2026-04-06 06:53 PM IST] [TASK] Competitor watch scan...
[2026-04-06 06:54 PM IST] [TASK] Market Intelligence scan starting...
[2026-04-06 06:54 PM IST] [TASK] Market update — cooldown active, skipped alert
[2026-04-06 06:54 PM IST] [TASK] Content ideation scan...
[2026-04-06 06:54 PM IST] [TASK] Strategic insight scan...
[2026-04-06 06:57 PM IST] [TASK] Market Intelligence scan starting...
[2026-04-06 06:57 PM IST] [TASK] Market update — cooldown active, skipped alert
[2026-04-06 06:57 PM IST] [TASK] Competitor watch scan...
[2026-04-06 06:58 PM IST] [TASK] Content ideation scan...
[2026-04-06 06:59 PM IST] [TASK] Market Intelligence scan starting...
[2026-04-06 06:59 PM IST] [TASK] Market update — cooldown active, skipped alert
[2026-04-06 07:00 PM IST] [TASK] Strategic insight scan...
[2026-04-06 07:01 PM IST] [TASK] Market Intelligence scan starting...
[2026-04-06 07:01 PM IST] [TASK] Market update — cooldown active, skipped alert
[2026-04-06 07:01 PM IST] [TASK] Content ideation scan...
[2026-04-06 07:02 PM IST] [TASK] Competitor watch scan...
[2026-04-06 07:03 PM IST] [TASK] Market Intelligence scan starting...
[2026-04-06 07:03 PM IST] [TASK] Market update — cooldown active, skipped alert
[2026-04-06 07:04 PM IST] [TASK] Content ideation scan...
[2026-04-06 07:05 PM IST] [TASK] Market Intelligence scan starting...
[2026-04-06 07:05 PM IST] [TASK] Market update — cooldown active, skipped alert
[2026-04-06 07:06 PM IST] [TASK] Competitor watch scan...
[2026-04-06 07:07 PM IST] [TASK] Strategic insight scan...
[2026-04-06 07:08 PM IST] [TASK] Market Intelligence scan starting...
[2026-04-06 07:08 PM IST] [TASK] Market update — cooldown active, skipped alert
[2026-04-06 07:08 PM IST] [TASK] Content ideation scan...
[2026-04-06 07:10 PM IST] [TASK] Market Intelligence scan starting...
[2026-04-06 07:10 PM IST] [TASK] Market update — cooldown active, skipped alert
[2026-04-06 07:10 PM IST] [TASK] Competitor watch scan...
[2026-04-06 07:11 PM IST] [TASK] Content ideation scan...
[2026-04-06 07:12 PM IST] [TASK] Market Intelligence scan starting...
[2026-04-06 07:12 PM IST] [TASK] Market update — cooldown active, skipped alert
[2026-04-06 07:13 PM IST] [TASK] Strategic insight scan...
[2026-04-06 07:14 PM IST] [TASK] Market Intelligence scan starting...
[2026-04-06 07:14 PM IST] [TASK] Market update — cooldown active, skipped alert
[2026-04-06 07:14 PM IST] [TASK] Content ideation scan...
[2026-04-06 07:15 PM IST] [TASK] Competitor watch scan...
[2026-04-06 07:16 PM IST] [TASK] Market Intelligence scan starting...
[2026-04-06 07:17 PM IST] [TASK] Market update — cooldown active, skipped alert
[2026-04-06 07:18 PM IST] [TASK] Content ideation scan...
[2026-04-06 07:19 PM IST] [TASK] Market Intelligence scan starting...
[2026-04-06 07:19 PM IST] [TASK] Market update — cooldown active, skipped alert
[2026-04-06 07:19 PM IST] [TASK] Competitor watch scan...
[2026-04-06 07:19 PM IST] [TASK] Strategic insight scan...
[2026-04-06 07:21 PM IST] [TASK] Market Intelligence scan starting...
[2026-04-06 07:21 PM IST] [TASK] Market update — cooldown active, skipped alert
[2026-04-06 07:21 PM IST] [TASK] Content ideation scan...
[2026-04-06 07:23 PM IST] [TASK] Market Intelligence scan starting...
[2026-04-06 07:23 PM IST] [TASK] Market update — cooldown active, skipped alert
[2026-04-06 07:24 PM IST] [TASK] Competitor watch scan...
[2026-04-06 07:24 PM IST] [TASK] Content ideation scan...
[2026-04-06 07:25 PM IST] [TASK] Market Intelligence scan starting...
[2026-04-06 07:25 PM IST] [TASK] Market update — cooldown active, skipped alert
[2026-04-06 07:25 PM IST] [TASK] Strategic insight scan...
[2026-04-06 07:27 PM IST] [TASK] Market Intelligence scan starting...
[2026-04-06 07:28 PM IST] [TASK] Market update — cooldown active, skipped alert
[2026-04-06 07:28 PM IST] [TASK] Content ideation scan...
[2026-04-06 07:28 PM IST] [TASK] Competitor watch scan...
[2026-04-06 07:30 PM IST] [TASK] Market Intelligence scan starting...
[2026-04-06 07:30 PM IST] [ALERT] Market intelligence alert sent
[2026-04-06 07:31 PM IST] [TASK] Content ideation scan...
[2026-04-06 07:31 PM IST] [TASK] Strategic insight scan...
[2026-04-06 07:32 PM IST] [TASK] Market Intelligence scan starting...
[2026-04-06 07:32 PM IST] [TASK] Market update — cooldown active, skipped alert
[2026-04-06 07:33 PM IST] [TASK] Competitor watch scan...
[2026-04-06 07:33 PM IST] [ALERT] Competitor alert sent
[2026-04-06 07:34 PM IST] [TASK] Market Intelligence scan starting...
[2026-04-06 07:34 PM IST] [TASK] Market update — cooldown active, skipped alert
[2026-04-06 07:34 PM IST] [TASK] Content ideation scan...
[2026-04-06 07:36 PM IST] [TASK] Market Intelligence scan starting...
[2026-04-06 07:36 PM IST] [TASK] Market update — cooldown active, skipped alert
[2026-04-06 07:37 PM IST] [TASK] Competitor watch scan...
[2026-04-06 07:38 PM IST] [TASK] Content ideation scan...
[2026-04-06 07:38 PM IST] [TASK] Strategic insight scan...
[2026-04-06 07:39 PM IST] [TASK] Market Intelligence scan starting...
[2026-04-06 07:39 PM IST] [TASK] Market update — cooldown active, skipped alert
[2026-04-06 07:41 PM IST] [TASK] Market Intelligence scan starting...
[2026-04-06 07:41 PM IST] [TASK] Market update — cooldown active, skipped alert
[2026-04-06 07:41 PM IST] [TASK] Content ideation scan...
[2026-04-06 07:41 PM IST] [TASK] Competitor watch scan...
[2026-04-06 07:43 PM IST] [TASK] Market Intelligence scan starting...
[2026-04-06 07:43 PM IST] [TASK] Market update — cooldown active, skipped alert
[2026-04-06 07:44 PM IST] [TASK] Strategic insight scan...
[2026-04-06 07:44 PM IST] [TASK] Content ideation scan...
[2026-04-06 07:45 PM IST] [TASK] Market Intelligence scan starting...
[2026-04-06 07:45 PM IST] [TASK] Market update — cooldown active, skipped alert
[2026-04-06 07:46 PM IST] [TASK] Competitor watch scan...
[2026-04-06 07:47 PM IST] [TASK] Market Intelligence scan starting...
[2026-04-06 07:48 PM IST] [TASK] Market update — cooldown active, skipped alert
[2026-04-06 07:48 PM IST] [TASK] Content ideation scan...
[2026-04-06 07:50 PM IST] [TASK] Market Intelligence scan starting...
[2026-04-06 07:50 PM IST] [TASK] Market update — cooldown active, skipped alert
[2026-04-06 07:50 PM IST] [TASK] Competitor watch scan...
[2026-04-06 07:50 PM IST] [TASK] Strategic insight scan...
[2026-04-06 07:51 PM IST] [TASK] Content ideation scan...
[2026-04-06 07:52 PM IST] [TASK] Market Intelligence scan starting...
[2026-04-06 07:52 PM IST] [TASK] Market update — cooldown active, skipped alert
[2026-04-06 07:54 PM IST] [TASK] Market Intelligence scan starting...
[2026-04-06 07:54 PM IST] [TASK] Market update — cooldown active, skipped alert
[2026-04-06 07:54 PM IST] [TASK] Content ideation scan...
[2026-04-06 07:55 PM IST] [TASK] Competitor watch scan...
[2026-04-06 07:56 PM IST] [TASK] Market Intelligence scan starting...
[2026-04-06 07:56 PM IST] [TASK] Market update — cooldown active, skipped alert
[2026-04-06 07:56 PM IST] [TASK] Strategic insight scan...
[2026-04-06 07:57 PM IST] [TASK] Content ideation scan...
[2026-04-06 07:59 PM IST] [TASK] Market Intelligence scan starting...
[2026-04-06 07:59 PM IST] [TASK] Market update — cooldown active, skipped alert
[2026-04-06 07:59 PM IST] [TASK] Competitor watch scan...
[2026-04-06 08:01 PM IST] [TASK] Market Intelligence scan starting...
[2026-04-06 08:01 PM IST] [TASK] Market update — cooldown active, skipped alert
[2026-04-06 08:01 PM IST] [TASK] Content ideation scan...
[2026-04-06 08:02 PM IST] [TASK] Strategic insight scan...
[2026-04-06 08:03 PM IST] [TASK] Market Intelligence scan starting...
[2026-04-06 08:03 PM IST] [TASK] Market update — cooldown active, skipped alert
[2026-04-06 08:03 PM IST] [TASK] Competitor watch scan...
[2026-04-06 08:04 PM IST] [TASK] Content ideation scan...
[2026-04-06 08:05 PM IST] [TASK] Market Intelligence scan starting...
[2026-04-06 08:05 PM IST] [TASK] Market update — cooldown active, skipped alert
[2026-04-06 08:07 PM IST] [TASK] Market Intelligence scan starting...
[2026-04-06 08:07 PM IST] [TASK] Market update — cooldown active, skipped alert
[2026-04-06 08:07 PM IST] [TASK] Content ideation scan...
[2026-04-06 08:08 PM IST] [TASK] Competitor watch scan...
[2026-04-06 08:09 PM IST] [TASK] Strategic insight scan...
[2026-04-06 08:10 PM IST] [TASK] Market Intelligence scan starting...
[2026-04-06 08:10 PM IST] [TASK] Market update — cooldown active, skipped alert
[2026-04-06 08:11 PM IST] [TASK] Content ideation scan...
[2026-04-06 08:12 PM IST] [TASK] Market Intelligence scan starting...
[2026-04-06 08:12 PM IST] [TASK] Market update — cooldown active, skipped alert
[2026-04-06 08:12 PM IST] [TASK] Competitor watch scan...
[2026-04-06 08:14 PM IST] [TASK] Market Intelligence scan starting...
[2026-04-06 08:14 PM IST] [TASK] Market update — cooldown active, skipped alert
[2026-04-06 08:14 PM IST] [TASK] Content ideation scan...
[2026-04-06 08:15 PM IST] [TASK] Strategic insight scan...
[2026-04-06 08:16 PM IST] [TASK] Market Intelligence scan starting...
[2026-04-06 08:16 PM IST] [TASK] Market update — cooldown active, skipped alert
[2026-04-06 08:17 PM IST] [TASK] Competitor watch scan...
[2026-04-06 08:17 PM IST] [TASK] Content ideation scan...
[2026-04-06 08:18 PM IST] [TASK] Market Intelligence scan starting...
[2026-04-06 08:18 PM IST] [TASK] Market update — cooldown active, skipped alert
[2026-04-06 08:20 PM IST] [TASK] Market Intelligence scan starting...
[2026-04-06 08:21 PM IST] [TASK] Market update — cooldown active, skipped alert
[2026-04-06 08:21 PM IST] [TASK] Content ideation scan...
[2026-04-06 08:21 PM IST] [TASK] Competitor watch scan...
[2026-04-06 08:21 PM IST] [TASK] Strategic insight scan...
[2026-04-06 08:23 PM IST] [TASK] Market Intelligence scan starting...
[2026-04-06 08:23 PM IST] [TASK] Market update — cooldown active, skipped alert
[2026-04-06 08:24 PM IST] [TASK] Content ideation scan...
[2026-04-06 08:25 PM IST] [TASK] Market Intelligence scan starting...
[2026-04-06 08:25 PM IST] [TASK] Market update — cooldown active, skipped alert
[2026-04-06 08:26 PM IST] [TASK] Competitor watch scan...
[2026-04-06 08:27 PM IST] [TASK] Market Intelligence scan starting...
[2026-04-06 08:27 PM IST] [TASK] Market update — cooldown active, skipped alert
[2026-04-06 08:27 PM IST] [TASK] Content ideation scan...
[2026-04-06 08:27 PM IST] [TASK] Strategic insight scan...
[2026-04-06 08:29 PM IST] [TASK] Market Intelligence scan starting...
[2026-04-06 08:29 PM IST] [TASK] Market update — cooldown active, skipped alert
[2026-04-06 08:30 PM IST] [TASK] Competitor watch scan...
[2026-04-06 08:30 PM IST] [ALERT] Competitor alert sent
[2026-04-06 08:31 PM IST] [TASK] Content ideation scan...
[2026-04-06 08:32 PM IST] [TASK] Market Intelligence scan starting...
[2026-04-06 08:32 PM IST] [ALERT] Market intelligence alert sent
[2026-04-06 08:33 PM IST] [TASK] Strategic insight scan...
[2026-04-06 08:34 PM IST] [TASK] Market Intelligence scan starting...
[2026-04-06 08:34 PM IST] [TASK] Market update — cooldown active, skipped alert
[2026-04-06 08:34 PM IST] [TASK] Content ideation scan...
[2026-04-06 08:35 PM IST] [TASK] Competitor watch scan...
[2026-04-06 08:36 PM IST] [TASK] Market Intelligence scan starting...
[2026-04-06 08:36 PM IST] [TASK] Market update — cooldown active, skipped alert
[2026-04-06 08:37 PM IST] [TASK] Content ideation scan...
[2026-04-06 08:38 PM IST] [TASK] Market Intelligence scan starting...
[2026-04-06 08:38 PM IST] [TASK] Market update — cooldown active, skipped alert
[2026-04-06 08:39 PM IST] [TASK] Competitor watch scan...
[2026-04-06 08:39 PM IST] [TASK] Strategic insight scan...
[2026-04-06 08:41 PM IST] [TASK] Market Intelligence scan starting...
[2026-04-06 08:41 PM IST] [TASK] Market update — cooldown active, skipped alert
[2026-04-06 08:41 PM IST] [TASK] Content ideation scan...
[2026-04-06 08:43 PM IST] [TASK] Market Intelligence scan starting...
[2026-04-06 08:43 PM IST] [TASK] Market update — cooldown active, skipped alert
[2026-04-06 08:43 PM IST] [TASK] Competitor watch scan...
[2026-04-06 08:44 PM IST] [TASK] Content ideation scan...
[2026-04-06 08:45 PM IST] [TASK] Market Intelligence scan starting...
[2026-04-06 08:45 PM IST] [TASK] Market update — cooldown active, skipped alert
[2026-04-06 08:46 PM IST] [TASK] Strategic insight scan...
[2026-04-06 08:47 PM IST] [TASK] Market Intelligence scan starting...
[2026-04-06 08:47 PM IST] [TASK] Market update — cooldown active, skipped alert
[2026-04-06 08:47 PM IST] [TASK] Content ideation scan...
[2026-04-06 08:48 PM IST] [TASK] Competitor watch scan...
[2026-04-06 08:49 PM IST] [TASK] Market Intelligence scan starting...
[2026-04-06 08:49 PM IST] [TASK] Market update — cooldown active, skipped alert
[2026-04-06 08:50 PM IST] [TASK] Content ideation scan...
[2026-04-06 08:52 PM IST] [TASK] Market Intelligence scan starting...
[2026-04-06 08:52 PM IST] [TASK] Market update — cooldown active, skipped alert
[2026-04-06 08:52 PM IST] [TASK] Strategic insight scan...
[2026-04-06 08:52 PM IST] [TASK] Competitor watch scan...
[2026-04-06 08:54 PM IST] [TASK] Market Intelligence scan starting...
[2026-04-06 08:54 PM IST] [TASK] Market update — cooldown active, skipped alert
[2026-04-06 08:54 PM IST] [TASK] Content ideation scan...
[2026-04-06 08:56 PM IST] [TASK] Market Intelligence scan starting...
[2026-04-06 08:56 PM IST] [TASK] Market update — cooldown active, skipped alert
[2026-04-06 08:57 PM IST] [TASK] Competitor watch scan...
[2026-04-06 08:57 PM IST] [TASK] Content ideation scan...
[2026-04-06 08:58 PM IST] [TASK] Strategic insight scan...
[2026-04-06 08:58 PM IST] [TASK] Market Intelligence scan starting...
[2026-04-06 08:58 PM IST] [TASK] Market update — cooldown active, skipped alert
[2026-04-06 09:00 PM IST] [TASK] Market Intelligence scan starting...
[2026-04-06 09:01 PM IST] [TASK] Market update — cooldown active, skipped alert
[2026-04-06 09:01 PM IST] [TASK] Content ideation scan...
[2026-04-06 09:01 PM IST] [TASK] Competitor watch scan...
[2026-04-06 09:03 PM IST] [TASK] Market Intelligence scan starting...
[2026-04-06 09:03 PM IST] [TASK] Market update — cooldown active, skipped alert
[2026-04-06 09:04 PM IST] [TASK] Content ideation scan...
[2026-04-06 09:04 PM IST] [TASK] Strategic insight scan...
[2026-04-06 09:05 PM IST] [TASK] Market Intelligence scan starting...
[2026-04-06 09:05 PM IST] [TASK] Market update — cooldown active, skipped alert
[2026-04-06 09:06 PM IST] [TASK] Competitor watch scan...
[2026-04-06 09:07 PM IST] [TASK] Market Intelligence scan starting...
[2026-04-06 09:07 PM IST] [TASK] Market update — cooldown active, skipped alert
[2026-04-06 09:07 PM IST] [TASK] Content ideation scan...
[2026-04-06 09:09 PM IST] [TASK] Market Intelligence scan starting...
[2026-04-06 09:09 PM IST] [TASK] Market update — cooldown active, skipped alert
[2026-04-06 09:10 PM IST] [TASK] Competitor watch scan...
[2026-04-06 09:10 PM IST] [TASK] Strategic insight scan...
[2026-04-06 09:11 PM IST] [TASK] Content ideation scan...
[2026-04-06 09:12 PM IST] [TASK] Market Intelligence scan starting...
[2026-04-06 09:12 PM IST] [TASK] Market update — cooldown active, skipped alert
[2026-04-06 09:14 PM IST] [TASK] Market Intelligence scan starting...
[2026-04-06 09:14 PM IST] [TASK] Market update — cooldown active, skipped alert
[2026-04-06 09:14 PM IST] [TASK] Content ideation scan...
[2026-04-06 09:14 PM IST] [TASK] Competitor watch scan...
[2026-04-06 09:16 PM IST] [TASK] Market Intelligence scan starting...
[2026-04-06 09:16 PM IST] [TASK] Market update — cooldown active, skipped alert
[2026-04-06 09:16 PM IST] [TASK] Strategic insight scan...
[2026-04-06 09:17 PM IST] [TASK] Content ideation scan...
[2026-04-06 09:18 PM IST] [TASK] Market Intelligence scan starting...
[2026-04-06 09:18 PM IST] [TASK] Market update — cooldown active, skipped alert
[2026-04-06 09:19 PM IST] [TASK] Competitor watch scan...
[2026-04-06 09:21 PM IST] [TASK] Market Intelligence scan starting...
[2026-04-06 09:21 PM IST] [TASK] Market update — cooldown active, skipped alert
[2026-04-06 09:21 PM IST] [TASK] Content ideation scan...
[2026-04-06 09:22 PM IST] [TASK] Strategic insight scan...
[2026-04-06 09:23 PM IST] [TASK] Market Intelligence scan starting...
[2026-04-06 09:23 PM IST] [TASK] Market update — cooldown active, skipped alert
[2026-04-06 09:23 PM IST] [TASK] Competitor watch scan...
[2026-04-06 09:24 PM IST] [TASK] Content ideation scan...
[2026-04-06 09:25 PM IST] [TASK] Market Intelligence scan starting...
[2026-04-06 09:25 PM IST] [TASK] Market update — cooldown active, skipped alert
[2026-04-06 09:27 PM IST] [TASK] Market Intelligence scan starting...
[2026-04-06 09:27 PM IST] [TASK] Market update — cooldown active, skipped alert
[2026-04-06 09:27 PM IST] [TASK] Content ideation scan...
[2026-04-06 09:28 PM IST] [TASK] Competitor watch scan...
[2026-04-06 09:28 PM IST] [TASK] Strategic insight scan...
[2026-04-06 09:30 PM IST] [TASK] Market Intelligence scan starting...
[2026-04-06 09:30 PM IST] [ALERT] Market intelligence alert sent
[2026-04-06 09:31 PM IST] [TASK] Content ideation scan...
[2026-04-06 09:32 PM IST] [TASK] Market Intelligence scan starting...
[2026-04-06 09:32 PM IST] [TASK] Market update — cooldown active, skipped alert
[2026-04-06 09:32 PM IST] [TASK] Competitor watch scan...
[2026-04-06 09:32 PM IST] [ALERT] Competitor alert sent
[2026-04-06 09:34 PM IST] [TASK] Market Intelligence scan starting...
[2026-04-06 09:34 PM IST] [TASK] Market update — cooldown active, skipped alert
[2026-04-06 09:34 PM IST] [TASK] Content ideation scan...
[2026-04-06 09:35 PM IST] [TASK] Strategic insight scan...
[2026-04-06 09:36 PM IST] [TASK] Market Intelligence scan starting...
[2026-04-06 09:36 PM IST] [TASK] Market update — cooldown active, skipped alert
[2026-04-06 09:37 PM IST] [TASK] Competitor watch scan...
[2026-04-06 09:37 PM IST] [TASK] Content ideation scan...
[2026-04-06 09:38 PM IST] [TASK] Market Intelligence scan starting...
[2026-04-06 09:39 PM IST] [TASK] Market update — cooldown active, skipped alert
[2026-04-06 09:41 PM IST] [TASK] Market Intelligence scan starting...
[2026-04-06 09:41 PM IST] [TASK] Market update — cooldown active, skipped alert
[2026-04-06 09:41 PM IST] [TASK] Content ideation scan...
[2026-04-06 09:41 PM IST] [TASK] Competitor watch scan...
[2026-04-06 09:41 PM IST] [TASK] Strategic insight scan...
[2026-04-06 09:43 PM IST] [TASK] Market Intelligence scan starting...
[2026-04-06 09:43 PM IST] [TASK] Market update — cooldown active, skipped alert
[2026-04-06 09:44 PM IST] [TASK] Content ideation scan...
[2026-04-06 09:45 PM IST] [TASK] Market Intelligence scan starting...
[2026-04-06 09:45 PM IST] [TASK] Market update — cooldown active, skipped alert
[2026-04-06 09:46 PM IST] [TASK] Competitor watch scan...
[2026-04-06 09:47 PM IST] [TASK] Market Intelligence scan starting...
[2026-04-06 09:47 PM IST] [TASK] Market update — cooldown active, skipped alert
[2026-04-06 09:47 PM IST] [TASK] Content ideation scan...
[2026-04-06 09:47 PM IST] [TASK] Strategic insight scan...
[2026-04-06 09:49 PM IST] [TASK] Market Intelligence scan starting...
[2026-04-06 09:50 PM IST] [TASK] Market update — cooldown active, skipped alert
[2026-04-06 09:50 PM IST] [TASK] Competitor watch scan...
[2026-04-06 09:51 PM IST] [TASK] Content ideation scan...
[2026-04-06 09:52 PM IST] [TASK] Market Intelligence scan starting...
[2026-04-06 09:52 PM IST] [TASK] Market update — cooldown active, skipped alert
[2026-04-06 09:53 PM IST] [TASK] Strategic insight scan...
[2026-04-06 09:54 PM IST] [TASK] Market Intelligence scan starting...
[2026-04-06 09:54 PM IST] [TASK] Market update — cooldown active, skipped alert
[2026-04-06 09:54 PM IST] [TASK] Content ideation scan...
[2026-04-06 09:55 PM IST] [TASK] Competitor watch scan...
[2026-04-06 09:56 PM IST] [TASK] Market Intelligence scan starting...
[2026-04-06 09:56 PM IST] [TASK] Market update — cooldown active, skipped alert
[2026-04-06 09:57 PM IST] [TASK] Content ideation scan...
[2026-04-06 09:58 PM IST] [TASK] Market Intelligence scan starting...
[2026-04-06 09:58 PM IST] [TASK] Market update — cooldown active, skipped alert
[2026-04-06 09:59 PM IST] [TASK] Competitor watch scan...
[2026-04-06 10:00 PM IST] [TASK] Strategic insight scan...
[2026-04-06 10:01 PM IST] [TASK] Market Intelligence scan starting...
[2026-04-06 10:01 PM IST] [TASK] Market update — cooldown active, skipped alert
[2026-04-06 10:01 PM IST] [TASK] Content ideation scan...
[2026-04-06 10:03 PM IST] [TASK] Market Intelligence scan starting...
[2026-04-06 10:03 PM IST] [TASK] Market update — cooldown active, skipped alert
[2026-04-06 10:03 PM IST] [TASK] Competitor watch scan...
[2026-04-06 10:04 PM IST] [TASK] Content ideation scan...
[2026-04-06 10:05 PM IST] [TASK] Market Intelligence scan starting...
[2026-04-06 10:05 PM IST] [TASK] Market update — cooldown active, skipped alert
[2026-04-06 10:06 PM IST] [TASK] Strategic insight scan...
[2026-04-06 10:07 PM IST] [TASK] Market Intelligence scan starting...
[2026-04-06 10:07 PM IST] [TASK] Market update — cooldown active, skipped alert
[2026-04-06 10:07 PM IST] [TASK] Content ideation scan...
[2026-04-06 10:08 PM IST] [TASK] Competitor watch scan...
[2026-04-06 10:09 PM IST] [TASK] Market Intelligence scan starting...
[2026-04-06 10:10 PM IST] [TASK] Market update — cooldown active, skipped alert
[2026-04-06 10:11 PM IST] [TASK] Content ideation scan...
[2026-04-06 10:12 PM IST] [TASK] Market Intelligence scan starting...
[2026-04-06 10:12 PM IST] [TASK] Market update — cooldown active, skipped alert
[2026-04-06 10:12 PM IST] [TASK] Competitor watch scan...
[2026-04-06 10:12 PM IST] [TASK] Strategic insight scan...
[2026-04-06 10:14 PM IST] [TASK] Market Intelligence scan starting...
[2026-04-06 10:14 PM IST] [TASK] Market update — cooldown active, skipped alert
[2026-04-06 10:14 PM IST] [TASK] Content ideation scan...
[2026-04-06 10:16 PM IST] [TASK] Market Intelligence scan starting...
[2026-04-06 10:16 PM IST] [TASK] Market update — cooldown active, skipped alert
[2026-04-06 10:17 PM IST] [TASK] Competitor watch scan...
[2026-04-06 10:17 PM IST] [TASK] Content ideation scan...
[2026-04-06 10:18 PM IST] [TASK] Market Intelligence scan starting...
[2026-04-06 10:18 PM IST] [TASK] Market update — cooldown active, skipped alert
[2026-04-06 10:18 PM IST] [TASK] Strategic insight scan...
[2026-04-06 10:21 PM IST] [TASK] Market Intelligence scan starting...
[2026-04-06 10:21 PM IST] [TASK] Market update — cooldown active, skipped alert
[2026-04-06 10:21 PM IST] [TASK] Content ideation scan...
[2026-04-06 10:21 PM IST] [TASK] Competitor watch scan...
[2026-04-06 10:23 PM IST] [TASK] Market Intelligence scan starting...
[2026-04-06 10:23 PM IST] [TASK] Market update — cooldown active, skipped alert
[2026-04-06 10:24 PM IST] [TASK] Content ideation scan...
[2026-04-06 10:24 PM IST] [TASK] Strategic insight scan...
[2026-04-06 10:25 PM IST] [TASK] Market Intelligence scan starting...
[2026-04-06 10:25 PM IST] [TASK] Market update — cooldown active, skipped alert
[2026-04-06 10:26 PM IST] [TASK] Competitor watch scan...
[2026-04-06 10:27 PM IST] [TASK] Market Intelligence scan starting...
[2026-04-06 10:27 PM IST] [TASK] Market update — cooldown active, skipped alert
[2026-04-06 10:27 PM IST] [TASK] Content ideation scan...
[2026-04-06 10:29 PM IST] [TASK] Market Intelligence scan starting...
[2026-04-06 10:29 PM IST] [TASK] Market update — cooldown active, skipped alert
[2026-04-06 10:30 PM IST] [TASK] Competitor watch scan...
[2026-04-06 10:30 PM IST] [ALERT] Competitor alert sent
[2026-04-06 10:31 PM IST] [TASK] Content ideation scan...
[2026-04-06 10:31 PM IST] [TASK] Strategic insight scan...
[2026-04-06 10:32 PM IST] [TASK] Market Intelligence scan starting...
[2026-04-06 10:32 PM IST] [ALERT] Market intelligence alert sent
[2026-04-06 10:34 PM IST] [TASK] Market Intelligence scan starting...
[2026-04-06 10:34 PM IST] [TASK] Market update — cooldown active, skipped alert
[2026-04-06 10:34 PM IST] [TASK] Content ideation scan...
[2026-04-06 10:34 PM IST] [TASK] Competitor watch scan...
[2026-04-06 10:36 PM IST] [TASK] Market Intelligence scan starting...
[2026-04-06 10:36 PM IST] [TASK] Market update — cooldown active, skipped alert
[2026-04-06 10:37 PM IST] [TASK] Strategic insight scan...
[2026-04-06 10:37 PM IST] [TASK] Content ideation scan...
[2026-04-06 10:38 PM IST] [TASK] Market Intelligence scan starting...
[2026-04-06 10:38 PM IST] [TASK] Market update — cooldown active, skipped alert
[2026-04-06 10:39 PM IST] [TASK] Competitor watch scan...
[2026-04-06 10:40 PM IST] [TASK] Market Intelligence scan starting...
[2026-04-06 10:41 PM IST] [TASK] Market update — cooldown active, skipped alert
[2026-04-06 10:41 PM IST] [TASK] Content ideation scan...
[2026-04-06 10:43 PM IST] [TASK] Market Intelligence scan starting...
[2026-04-06 10:43 PM IST] [TASK] Market update — cooldown active, skipped alert
[2026-04-06 10:43 PM IST] [TASK] Competitor watch scan...
[2026-04-06 10:43 PM IST] [TASK] Strategic insight scan...
[2026-04-06 10:44 PM IST] [TASK] Content ideation scan...
[2026-04-06 10:45 PM IST] [TASK] Market Intelligence scan starting...
[2026-04-06 10:45 PM IST] [TASK] Market update — cooldown active, skipped alert
[2026-04-06 10:47 PM IST] [TASK] Market Intelligence scan starting...
[2026-04-06 10:47 PM IST] [TASK] Market update — cooldown active, skipped alert
[2026-04-06 10:47 PM IST] [TASK] Content ideation scan...
[2026-04-06 10:48 PM IST] [TASK] Competitor watch scan...
[2026-04-06 10:49 PM IST] [TASK] Market Intelligence scan starting...
[2026-04-06 10:49 PM IST] [TASK] Market update — cooldown active, skipped alert
[2026-04-06 10:49 PM IST] [TASK] Strategic insight scan...
[2026-04-06 10:50 PM IST] [TASK] Content ideation scan...
[2026-04-06 10:51 PM IST] [TASK] Market Intelligence scan starting...
[2026-04-06 10:52 PM IST] [TASK] Market update — cooldown active, skipped alert
[2026-04-06 10:52 PM IST] [TASK] Competitor watch scan...
[2026-04-06 10:54 PM IST] [TASK] Market Intelligence scan starting...
[2026-04-06 10:54 PM IST] [TASK] Market update — cooldown active, skipped alert
[2026-04-06 10:54 PM IST] [TASK] Content ideation scan...
[2026-04-06 10:55 PM IST] [TASK] Strategic insight scan...
[2026-04-06 10:56 PM IST] [TASK] Market Intelligence scan starting...
[2026-04-06 10:56 PM IST] [TASK] Market update — cooldown active, skipped alert
[2026-04-06 10:56 PM IST] [TASK] Competitor watch scan...
[2026-04-06 10:57 PM IST] [TASK] Content ideation scan...
[2026-04-06 10:58 PM IST] [TASK] Market Intelligence scan starting...
[2026-04-06 10:58 PM IST] [TASK] Market update — cooldown active, skipped alert
[2026-04-06 11:00 PM IST] [TASK] Market Intelligence scan starting...
[2026-04-06 11:00 PM IST] [TASK] Market update — cooldown active, skipped alert
[2026-04-06 11:00 PM IST] [TASK] Content ideation scan...
[2026-04-06 11:01 PM IST] [TASK] Competitor watch scan...
[2026-04-06 11:01 PM IST] [TASK] Strategic insight scan...
[2026-04-06 11:03 PM IST] [TASK] Market Intelligence scan starting...
[2026-04-06 11:03 PM IST] [TASK] Market update — cooldown active, skipped alert
[2026-04-06 11:04 PM IST] [TASK] Content ideation scan...
[2026-04-06 11:05 PM IST] [TASK] Market Intelligence scan starting...
[2026-04-06 11:05 PM IST] [TASK] Market update — cooldown active, skipped alert
[2026-04-06 11:05 PM IST] [TASK] Competitor watch scan...
[2026-04-06 11:07 PM IST] [TASK] Market Intelligence scan starting...
[2026-04-06 11:07 PM IST] [TASK] Market update — cooldown active, skipped alert
[2026-04-06 11:07 PM IST] [TASK] Content ideation scan...
[2026-04-06 11:08 PM IST] [TASK] Strategic insight scan...
[2026-04-06 11:09 PM IST] [TASK] Market Intelligence scan starting...
[2026-04-06 11:09 PM IST] [TASK] Market update — cooldown active, skipped alert
[2026-04-06 11:10 PM IST] [TASK] Competitor watch scan...
[2026-04-06 11:10 PM IST] [TASK] Content ideation scan...
[2026-04-06 11:11 PM IST] [TASK] Market Intelligence scan starting...
[2026-04-06 11:11 PM IST] [TASK] Market update — cooldown active, skipped alert
[2026-04-06 11:13 PM IST] [TASK] Market Intelligence scan starting...
[2026-04-06 11:13 PM IST] [TASK] Market update — cooldown active, skipped alert
[2026-04-06 11:13 PM IST] [TASK] Content ideation scan...
[2026-04-06 11:14 PM IST] [TASK] Competitor watch scan...
[2026-04-06 11:14 PM IST] [TASK] Strategic insight scan...
[2026-04-06 11:16 PM IST] [TASK] Market Intelligence scan starting...
[2026-04-06 11:16 PM IST] [TASK] Market update — cooldown active, skipped alert
[2026-04-06 11:17 PM IST] [TASK] Content ideation scan...
[2026-04-06 11:18 PM IST] [TASK] Market Intelligence scan starting...
[2026-04-06 11:18 PM IST] [TASK] Market update — cooldown active, skipped alert
[2026-04-06 11:18 PM IST] [TASK] Competitor watch scan...
[2026-04-06 11:20 PM IST] [TASK] Market Intelligence scan starting...
[2026-04-06 11:20 PM IST] [TASK] Market update — cooldown active, skipped alert
[2026-04-06 11:20 PM IST] [TASK] Content ideation scan...
[2026-04-06 11:20 PM IST] [TASK] Strategic insight scan...
[2026-04-06 11:22 PM IST] [TASK] Market Intelligence scan starting...
[2026-04-06 11:22 PM IST] [TASK] Market update — cooldown active, skipped alert
[2026-04-06 11:23 PM IST] [TASK] Competitor watch scan...
[2026-04-06 11:24 PM IST] [TASK] Content ideation scan...
[2026-04-06 11:25 PM IST] [TASK] Market Intelligence scan starting...
[2026-04-06 11:25 PM IST] [TASK] Market update — cooldown active, skipped alert
[2026-04-06 11:26 PM IST] [TASK] Strategic insight scan...
[2026-04-06 11:27 PM IST] [TASK] Market Intelligence scan starting...
[2026-04-06 11:27 PM IST] [TASK] Market update — cooldown active, skipped alert
[2026-04-06 11:27 PM IST] [TASK] Content ideation scan...
[2026-04-06 11:27 PM IST] [TASK] Competitor watch scan...
[2026-04-06 11:29 PM IST] [TASK] Market Intelligence scan starting...
[2026-04-06 11:29 PM IST] [TASK] Market update — cooldown active, skipped alert
[2026-04-06 11:30 PM IST] [TASK] Content ideation scan...
[2026-04-06 11:31 PM IST] [TASK] Market Intelligence scan starting...
[2026-04-06 11:31 PM IST] [ALERT] Market intelligence alert sent
[2026-04-06 11:32 PM IST] [TASK] Competitor watch scan...
[2026-04-06 11:32 PM IST] [ALERT] Competitor alert sent
[2026-04-06 11:32 PM IST] [TASK] Strategic insight scan...
[2026-04-06 11:33 PM IST] [TASK] Market Intelligence scan starting...
[2026-04-06 11:34 PM IST] [TASK] Market update — cooldown active, skipped alert
[2026-04-06 11:34 PM IST] [TASK] Content ideation scan...
[2026-04-06 11:36 PM IST] [TASK] Market Intelligence scan starting...
[2026-04-06 11:36 PM IST] [TASK] Market update — cooldown active, skipped alert
[2026-04-06 11:36 PM IST] [TASK] Competitor watch scan...
[2026-04-06 11:37 PM IST] [TASK] Content ideation scan...
[2026-04-06 11:38 PM IST] [TASK] Market Intelligence scan starting...
[2026-04-06 11:38 PM IST] [TASK] Market update — cooldown active, skipped alert
[2026-04-06 11:38 PM IST] [TASK] Strategic insight scan...
[2026-04-06 11:40 PM IST] [TASK] Market Intelligence scan starting...
[2026-04-06 11:40 PM IST] [TASK] Market update — cooldown active, skipped alert
[2026-04-06 11:40 PM IST] [TASK] Content ideation scan...
[2026-04-06 11:41 PM IST] [TASK] Competitor watch scan...
[2026-04-06 11:42 PM IST] [TASK] Market Intelligence scan starting...
[2026-04-06 11:42 PM IST] [TASK] Market update — cooldown active, skipped alert
[2026-04-06 11:43 PM IST] [TASK] Content ideation scan...
[2026-04-06 11:44 PM IST] [TASK] Market Intelligence scan starting...
[2026-04-06 11:45 PM IST] [TASK] Market update — cooldown active, skipped alert
[2026-04-06 11:45 PM IST] [TASK] Strategic insight scan...
[2026-04-06 11:45 PM IST] [TASK] Competitor watch scan...
[2026-04-06 11:47 PM IST] [TASK] Market Intelligence scan starting...
[2026-04-06 11:47 PM IST] [TASK] Market update — cooldown active, skipped alert
[2026-04-06 11:47 PM IST] [TASK] Content ideation scan...
[2026-04-06 11:49 PM IST] [TASK] Market Intelligence scan starting...
[2026-04-06 11:49 PM IST] [TASK] Market update — cooldown active, skipped alert
[2026-04-06 11:49 PM IST] [TASK] Competitor watch scan...
[2026-04-06 11:50 PM IST] [TASK] Content ideation scan...
[2026-04-06 11:51 PM IST] [TASK] Strategic insight scan...
[2026-04-06 11:51 PM IST] [TASK] Market Intelligence scan starting...
[2026-04-06 11:51 PM IST] [TASK] Market update — cooldown active, skipped alert
[2026-04-06 11:53 PM IST] [TASK] Market Intelligence scan starting...
[2026-04-06 11:53 PM IST] [TASK] Market update — cooldown active, skipped alert
[2026-04-06 11:53 PM IST] [TASK] Content ideation scan...
[2026-04-06 11:54 PM IST] [TASK] Competitor watch scan...
[2026-04-06 11:56 PM IST] [TASK] Market Intelligence scan starting...
[2026-04-06 11:56 PM IST] [TASK] Market update — cooldown active, skipped alert
[2026-04-06 11:57 PM IST] [TASK] Content ideation scan...
[2026-04-06 11:57 PM IST] [TASK] Strategic insight scan...
[2026-04-06 11:58 PM IST] [TASK] Market Intelligence scan starting...
[2026-04-06 11:58 PM IST] [TASK] Market update — cooldown active, skipped alert
[2026-04-06 11:58 PM IST] [TASK] Competitor watch scan...
[2026-04-07 12:00 AM IST] [TASK] Market Intelligence scan starting...
[2026-04-07 12:00 AM IST] [TASK] Market update — cooldown active, skipped alert
[2026-04-07 12:00 AM IST] [TASK] Content ideation scan...
[2026-04-07 12:02 AM IST] [TASK] Market Intelligence scan starting...
[2026-04-07 12:02 AM IST] [TASK] Market update — cooldown active, skipped alert
[2026-04-07 12:03 AM IST] [TASK] Competitor watch scan...
[2026-04-07 12:03 AM IST] [TASK] Content ideation scan...
[2026-04-07 12:03 AM IST] [TASK] Strategic insight scan...
[2026-04-07 12:04 AM IST] [TASK] Market Intelligence scan starting...
[2026-04-07 12:05 AM IST] [TASK] Market update — cooldown active, skipped alert
[2026-04-07 12:07 AM IST] [TASK] Market Intelligence scan starting...
[2026-04-07 12:07 AM IST] [TASK] Market update — cooldown active, skipped alert
[2026-04-07 12:07 AM IST] [TASK] Content ideation scan...
[2026-04-07 12:07 AM IST] [TASK] Competitor watch scan...
[2026-04-07 12:09 AM IST] [TASK] Market Intelligence scan starting...
[2026-04-07 12:09 AM IST] [TASK] Market update — cooldown active, skipped alert
[2026-04-07 12:09 AM IST] [TASK] Strategic insight scan...
[2026-04-07 12:10 AM IST] [TASK] Content ideation scan...
[2026-04-07 12:11 AM IST] [TASK] Market Intelligence scan starting...
[2026-04-07 12:11 AM IST] [TASK] Market update — cooldown active, skipped alert
[2026-04-07 12:12 AM IST] [TASK] Competitor watch scan...
[2026-04-07 12:13 AM IST] [TASK] Market Intelligence scan starting...
[2026-04-07 12:13 AM IST] [TASK] Market update — cooldown active, skipped alert
[2026-04-07 12:13 AM IST] [TASK] Content ideation scan...
[2026-04-07 12:15 AM IST] [TASK] Market Intelligence scan starting...
[2026-04-07 12:15 AM IST] [TASK] Market update — cooldown active, skipped alert
[2026-04-07 12:15 AM IST] [TASK] Strategic insight scan...
[2026-04-07 12:16 AM IST] [TASK] Competitor watch scan...
[2026-04-07 12:17 AM IST] [TASK] Content ideation scan...
[2026-04-07 12:18 AM IST] [TASK] Market Intelligence scan starting...
[2026-04-07 12:18 AM IST] [TASK] Market update — cooldown active, skipped alert
[2026-04-07 12:20 AM IST] [TASK] Market Intelligence scan starting...
[2026-04-07 12:20 AM IST] [TASK] Market update — cooldown active, skipped alert
[2026-04-07 12:20 AM IST] [TASK] Content ideation scan...
[2026-04-07 12:21 AM IST] [TASK] Competitor watch scan...
[2026-04-07 12:22 AM IST] [TASK] Strategic insight scan...
[2026-04-07 12:22 AM IST] [TASK] Market Intelligence scan starting...
[2026-04-07 12:22 AM IST] [TASK] Market update — cooldown active, skipped alert
[2026-04-07 12:23 AM IST] [TASK] Content ideation scan...
[2026-04-07 12:24 AM IST] [TASK] Market Intelligence scan starting...
[2026-04-07 12:24 AM IST] [TASK] Market update — cooldown active, skipped alert
[2026-04-07 12:25 AM IST] [TASK] Competitor watch scan...
[2026-04-07 12:27 AM IST] [TASK] Market Intelligence scan starting...
[2026-04-07 12:27 AM IST] [TASK] Market update — cooldown active, skipped alert
[2026-04-07 12:27 AM IST] [TASK] Content ideation scan...
[2026-04-07 12:28 AM IST] [TASK] Strategic insight scan...
[2026-04-07 12:29 AM IST] [TASK] Market Intelligence scan starting...
[2026-04-07 12:29 AM IST] [TASK] Market update — cooldown active, skipped alert
[2026-04-07 12:29 AM IST] [TASK] Competitor watch scan...
[2026-04-07 12:30 AM IST] [ALERT] Competitor alert sent
[2026-04-07 12:30 AM IST] [TASK] Content ideation scan...
[2026-04-07 12:31 AM IST] [TASK] Market Intelligence scan starting...
[2026-04-07 12:31 AM IST] [ALERT] Market intelligence alert sent
[2026-04-07 12:33 AM IST] [TASK] Market Intelligence scan starting...
[2026-04-07 12:33 AM IST] [TASK] Market update — cooldown active, skipped alert
[2026-04-07 12:33 AM IST] [TASK] Content ideation scan...
[2026-04-07 12:34 AM IST] [TASK] Competitor watch scan...
[2026-04-07 12:34 AM IST] [TASK] Strategic insight scan...
[2026-04-07 12:36 AM IST] [TASK] Market Intelligence scan starting...
[2026-04-07 12:36 AM IST] [TASK] Market update — cooldown active, skipped alert
[2026-04-07 12:37 AM IST] [TASK] Content ideation scan...
[2026-04-07 12:38 AM IST] [TASK] Market Intelligence scan starting...
[2026-04-07 12:38 AM IST] [TASK] Market update — cooldown active, skipped alert
[2026-04-07 12:38 AM IST] [TASK] Competitor watch scan...
[2026-04-07 12:40 AM IST] [TASK] Market Intelligence scan starting...
[2026-04-07 12:40 AM IST] [TASK] Market update — cooldown active, skipped alert
[2026-04-07 12:40 AM IST] [TASK] Content ideation scan...
[2026-04-07 12:40 AM IST] [TASK] Strategic insight scan...
[2026-04-07 12:42 AM IST] [TASK] Market Intelligence scan starting...
[2026-04-07 12:42 AM IST] [TASK] Market update — cooldown active, skipped alert
[2026-04-07 12:43 AM IST] [TASK] Competitor watch scan...
[2026-04-07 12:43 AM IST] [TASK] Content ideation scan...
[2026-04-07 12:44 AM IST] [TASK] Market Intelligence scan starting...
[2026-04-07 12:44 AM IST] [TASK] Market update — cooldown active, skipped alert
[2026-04-07 12:46 AM IST] [TASK] Strategic insight scan...
[2026-04-07 12:47 AM IST] [TASK] Market Intelligence scan starting...
[2026-04-07 12:47 AM IST] [TASK] Market update — cooldown active, skipped alert
[2026-04-07 12:47 AM IST] [TASK] Content ideation scan...
[2026-04-07 12:47 AM IST] [TASK] Competitor watch scan...
[2026-04-07 12:49 AM IST] [TASK] Market Intelligence scan starting...
[2026-04-07 12:49 AM IST] [TASK] Market update — cooldown active, skipped alert
[2026-04-07 12:50 AM IST] [TASK] Content ideation scan...
[2026-04-07 12:51 AM IST] [TASK] Market Intelligence scan starting...
[2026-04-07 12:51 AM IST] [TASK] Market update — cooldown active, skipped alert
[2026-04-07 12:51 AM IST] [TASK] Competitor watch scan...
[2026-04-07 12:52 AM IST] [TASK] Strategic insight scan...
[2026-04-07 12:53 AM IST] [TASK] Market Intelligence scan starting...
[2026-04-07 12:53 AM IST] [TASK] Market update — cooldown active, skipped alert
[2026-04-07 12:53 AM IST] [TASK] Content ideation scan...
[2026-04-07 12:55 AM IST] [TASK] Market Intelligence scan starting...
[2026-04-07 12:55 AM IST] [TASK] Market update — cooldown active, skipped alert
[2026-04-07 12:56 AM IST] [TASK] Competitor watch scan...
[2026-04-07 12:57 AM IST] [TASK] Content ideation scan...
[2026-04-07 12:58 AM IST] [TASK] Market Intelligence scan starting...
[2026-04-07 12:58 AM IST] [TASK] Market update — cooldown active, skipped alert
[2026-04-07 12:58 AM IST] [TASK] Strategic insight scan...
[2026-04-07 01:00 AM IST] [TASK] Market Intelligence scan starting...
[2026-04-07 01:00 AM IST] [TASK] Market update — cooldown active, skipped alert
[2026-04-07 01:00 AM IST] [TASK] Content ideation scan...
[2026-04-07 01:00 AM IST] [TASK] Competitor watch scan...
[2026-04-07 01:02 AM IST] [TASK] Market Intelligence scan starting...
[2026-04-07 01:02 AM IST] [TASK] Market update — cooldown active, skipped alert
[2026-04-07 01:03 AM IST] [TASK] Content ideation scan...
[2026-04-07 01:04 AM IST] [TASK] Market Intelligence scan starting...
[2026-04-07 01:04 AM IST] [TASK] Market update — cooldown active, skipped alert
[2026-04-07 01:05 AM IST] [TASK] Competitor watch scan...
[2026-04-07 01:05 AM IST] [TASK] Strategic insight scan...
[2026-04-07 01:06 AM IST] [TASK] Market Intelligence scan starting...
[2026-04-07 01:06 AM IST] [TASK] Market update — cooldown active, skipped alert
[2026-04-07 01:06 AM IST] [TASK] Content ideation scan...
[2026-04-07 01:09 AM IST] [TASK] Market Intelligence scan starting...
[2026-04-07 01:09 AM IST] [TASK] Market update — cooldown active, skipped alert
[2026-04-07 01:09 AM IST] [TASK] Competitor watch scan...
[2026-04-07 01:10 AM IST] [TASK] Content ideation scan...
[2026-04-07 01:11 AM IST] [TASK] Market Intelligence scan starting...
[2026-04-07 01:11 AM IST] [TASK] Market update — cooldown active, skipped alert
[2026-04-07 01:11 AM IST] [TASK] Strategic insight scan...
[2026-04-07 01:13 AM IST] [TASK] Market Intelligence scan starting...
[2026-04-07 01:13 AM IST] [TASK] Market update — cooldown active, skipped alert
[2026-04-07 01:13 AM IST] [TASK] Content ideation scan...
[2026-04-07 01:14 AM IST] [TASK] Competitor watch scan...
[2026-04-07 01:15 AM IST] [TASK] Market Intelligence scan starting...
[2026-04-07 01:15 AM IST] [TASK] Market update — cooldown active, skipped alert
[2026-04-07 01:16 AM IST] [TASK] Content ideation scan...
[2026-04-07 01:17 AM IST] [TASK] Strategic insight scan...
[2026-04-07 01:17 AM IST] [TASK] Market Intelligence scan starting...
[2026-04-07 01:18 AM IST] [TASK] Market update — cooldown active, skipped alert
[2026-04-07 01:18 AM IST] [TASK] Competitor watch scan...
[2026-04-07 01:20 AM IST] [TASK] Market Intelligence scan starting...
[2026-04-07 01:20 AM IST] [TASK] Market update — cooldown active, skipped alert
[2026-04-07 01:20 AM IST] [TASK] Content ideation scan...
[2026-04-07 01:22 AM IST] [TASK] Market Intelligence scan starting...
[2026-04-07 01:22 AM IST] [TASK] Market update — cooldown active, skipped alert
[2026-04-07 01:22 AM IST] [TASK] Competitor watch scan...
[2026-04-07 01:23 AM IST] [TASK] Content ideation scan...
[2026-04-07 01:23 AM IST] [TASK] Strategic insight scan...
[2026-04-07 01:24 AM IST] [TASK] Market Intelligence scan starting...
[2026-04-07 01:24 AM IST] [TASK] Market update — cooldown active, skipped alert
[2026-04-07 01:26 AM IST] [TASK] Market Intelligence scan starting...
[2026-04-07 01:26 AM IST] [TASK] Market update — cooldown active, skipped alert
[2026-04-07 01:26 AM IST] [TASK] Content ideation scan...
[2026-04-07 01:27 AM IST] [TASK] Competitor watch scan...
[2026-04-07 01:28 AM IST] [TASK] Market Intelligence scan starting...
[2026-04-07 01:29 AM IST] [TASK] Market update — cooldown active, skipped alert
[2026-04-07 01:29 AM IST] [TASK] Strategic insight scan...
[2026-04-07 01:30 AM IST] [TASK] Content ideation scan...
[2026-04-07 01:31 AM IST] [TASK] Market Intelligence scan starting...
[2026-04-07 01:31 AM IST] [ALERT] Market intelligence alert sent
[2026-04-07 01:31 AM IST] [TASK] Competitor watch scan...
[2026-04-07 01:31 AM IST] [ALERT] Competitor alert sent
[2026-04-07 01:33 AM IST] [TASK] Market Intelligence scan starting...
[2026-04-07 01:33 AM IST] [TASK] Market update — cooldown active, skipped alert
[2026-04-07 01:33 AM IST] [TASK] Content ideation scan...
[2026-04-07 01:35 AM IST] [TASK] Market Intelligence scan starting...
[2026-04-07 01:35 AM IST] [TASK] Market update — cooldown active, skipped alert
[2026-04-07 01:35 AM IST] [TASK] Strategic insight scan...
[2026-04-07 01:36 AM IST] [TASK] Competitor watch scan...
[2026-04-07 01:36 AM IST] [TASK] Content ideation scan...
[2026-04-07 01:37 AM IST] [TASK] Market Intelligence scan starting...
[2026-04-07 01:37 AM IST] [TASK] Market update — cooldown active, skipped alert
[2026-04-07 01:39 AM IST] [TASK] Market Intelligence scan starting...
[2026-04-07 01:40 AM IST] [TASK] Market update — cooldown active, skipped alert
[2026-04-07 01:40 AM IST] [TASK] Content ideation scan...
[2026-04-07 01:40 AM IST] [TASK] Competitor watch scan...
[2026-04-07 01:41 AM IST] [TASK] Strategic insight scan...
[2026-04-07 01:42 AM IST] [TASK] Market Intelligence scan starting...
[2026-04-07 01:42 AM IST] [TASK] Market update — cooldown active, skipped alert
[2026-04-07 01:43 AM IST] [TASK] Content ideation scan...
[2026-04-07 01:44 AM IST] [TASK] Market Intelligence scan starting...
[2026-04-07 01:44 AM IST] [TASK] Market update — cooldown active, skipped alert
[2026-04-07 01:45 AM IST] [TASK] Competitor watch scan...
[2026-04-07 01:46 AM IST] [TASK] Market Intelligence scan starting...
[2026-04-07 01:46 AM IST] [TASK] Market update — cooldown active, skipped alert
[2026-04-07 01:46 AM IST] [TASK] Content ideation scan...
[2026-04-07 01:47 AM IST] [TASK] Strategic insight scan...
[2026-04-07 01:48 AM IST] [TASK] Market Intelligence scan starting...
[2026-04-07 01:48 AM IST] [TASK] Market update — cooldown active, skipped alert
[2026-04-07 01:49 AM IST] [TASK] Competitor watch scan...
[2026-04-07 01:50 AM IST] [TASK] Content ideation scan...
[2026-04-07 01:51 AM IST] [TASK] Market Intelligence scan starting...
[2026-04-07 01:51 AM IST] [TASK] Market update — cooldown active, skipped alert
[2026-04-07 01:53 AM IST] [TASK] Market Intelligence scan starting...
[2026-04-07 01:53 AM IST] [TASK] Market update — cooldown active, skipped alert
[2026-04-07 01:53 AM IST] [TASK] Content ideation scan...
[2026-04-07 01:53 AM IST] [TASK] Competitor watch scan...
[2026-04-07 01:53 AM IST] [TASK] Strategic insight scan...
[2026-04-07 01:55 AM IST] [TASK] Market Intelligence scan starting...
[2026-04-07 01:55 AM IST] [TASK] Market update — cooldown active, skipped alert
[2026-04-07 01:56 AM IST] [TASK] Content ideation scan...
[2026-04-07 01:57 AM IST] [TASK] Market Intelligence scan starting...
[2026-04-07 01:57 AM IST] [TASK] Market update — cooldown active, skipped alert
[2026-04-07 01:58 AM IST] [TASK] Competitor watch scan...
[2026-04-07 01:59 AM IST] [TASK] Market Intelligence scan starting...
[2026-04-07 01:59 AM IST] [TASK] Market update — cooldown active, skipped alert
[2026-04-07 01:59 AM IST] [TASK] Content ideation scan...
[2026-04-07 02:00 AM IST] [TASK] Strategic insight scan...
[2026-04-07 02:02 AM IST] [TASK] Market Intelligence scan starting...
[2026-04-07 02:02 AM IST] [TASK] Market update — cooldown active, skipped alert
[2026-04-07 02:02 AM IST] [TASK] Competitor watch scan...
[2026-04-07 02:03 AM IST] [TASK] Content ideation scan...
[2026-04-07 02:04 AM IST] [TASK] Market Intelligence scan starting...
[2026-04-07 02:04 AM IST] [TASK] Market update — cooldown active, skipped alert
[2026-04-07 02:06 AM IST] [TASK] Market Intelligence scan starting...
[2026-04-07 02:06 AM IST] [TASK] Market update — cooldown active, skipped alert
[2026-04-07 02:06 AM IST] [TASK] Content ideation scan...
[2026-04-07 02:07 AM IST] [TASK] Competitor watch scan...
[2026-04-07 02:07 AM IST] [TASK] Strategic insight scan...
[2026-04-07 02:08 AM IST] [TASK] Market Intelligence scan starting...
[2026-04-07 02:08 AM IST] [TASK] Market update — cooldown active, skipped alert
[2026-04-07 02:09 AM IST] [TASK] Content ideation scan...
[2026-04-07 02:10 AM IST] [TASK] Market Intelligence scan starting...
[2026-04-07 02:10 AM IST] [TASK] Market update — cooldown active, skipped alert
[2026-04-07 02:11 AM IST] [TASK] Competitor watch scan...
[2026-04-07 02:13 AM IST] [TASK] Market Intelligence scan starting...
[2026-04-07 02:13 AM IST] [TASK] Market update — cooldown active, skipped alert
[2026-04-07 02:13 AM IST] [TASK] Content ideation scan...
[2026-04-07 02:13 AM IST] [TASK] Strategic insight scan...
[2026-04-07 02:15 AM IST] [TASK] Market Intelligence scan starting...
[2026-04-07 02:15 AM IST] [TASK] Market update — cooldown active, skipped alert
[2026-04-07 02:15 AM IST] [TASK] Competitor watch scan...
[2026-04-07 02:16 AM IST] [TASK] Content ideation scan...
[2026-04-07 02:17 AM IST] [TASK] Market Intelligence scan starting...
[2026-04-07 02:17 AM IST] [TASK] Market update — cooldown active, skipped alert
[2026-04-07 02:19 AM IST] [TASK] Strategic insight scan...
[2026-04-07 02:19 AM IST] [TASK] Market Intelligence scan starting...
[2026-04-07 02:19 AM IST] [TASK] Market update — cooldown active, skipped alert
[2026-04-07 02:19 AM IST] [TASK] Content ideation scan...
[2026-04-07 02:20 AM IST] [TASK] Competitor watch scan...
[2026-04-07 02:22 AM IST] [TASK] Market Intelligence scan starting...
[2026-04-07 02:22 AM IST] [TASK] Market update — cooldown active, skipped alert
[2026-04-07 02:23 AM IST] [TASK] Content ideation scan...
[2026-04-07 02:24 AM IST] [TASK] Market Intelligence scan starting...
[2026-04-07 02:24 AM IST] [TASK] Market update — cooldown active, skipped alert
[2026-04-07 02:24 AM IST] [TASK] Competitor watch scan...
[2026-04-07 02:25 AM IST] [TASK] Strategic insight scan...
[2026-04-07 02:26 AM IST] [TASK] Market Intelligence scan starting...
[2026-04-07 02:26 AM IST] [TASK] Market update — cooldown active, skipped alert
[2026-04-07 02:26 AM IST] [TASK] Content ideation scan...
[2026-04-07 02:28 AM IST] [TASK] Market Intelligence scan starting...
[2026-04-07 02:28 AM IST] [TASK] Market update — cooldown active, skipped alert
[2026-04-07 02:29 AM IST] [TASK] Competitor watch scan...
[2026-04-07 02:29 AM IST] [TASK] Content ideation scan...
[2026-04-07 02:30 AM IST] [TASK] Market Intelligence scan starting...
[2026-04-07 02:30 AM IST] [ALERT] Market intelligence alert sent
[2026-04-07 02:31 AM IST] [TASK] Strategic insight scan...
[2026-04-07 02:32 AM IST] [TASK] Market Intelligence scan starting...
[2026-04-07 02:33 AM IST] [TASK] Market update — cooldown active, skipped alert
[2026-04-07 02:33 AM IST] [TASK] Content ideation scan...
[2026-04-07 02:33 AM IST] [TASK] Competitor watch scan...
[2026-04-07 02:33 AM IST] [ALERT] Competitor alert sent
[2026-04-07 02:35 AM IST] [TASK] Market Intelligence scan starting...
[2026-04-07 02:35 AM IST] [TASK] Market update — cooldown active, skipped alert
[2026-04-07 02:36 AM IST] [TASK] Content ideation scan...
[2026-04-07 02:37 AM IST] [TASK] Market Intelligence scan starting...
[2026-04-07 02:37 AM IST] [TASK] Market update — cooldown active, skipped alert
[2026-04-07 02:37 AM IST] [TASK] Competitor watch scan...
[2026-04-07 02:38 AM IST] [TASK] Strategic insight scan...
[2026-04-07 02:39 AM IST] [TASK] Market Intelligence scan starting...
[2026-04-07 02:39 AM IST] [TASK] Market update — cooldown active, skipped alert
[2026-04-07 02:39 AM IST] [TASK] Content ideation scan...
[2026-04-07 02:41 AM IST] [TASK] Market Intelligence scan starting...
[2026-04-07 02:41 AM IST] [TASK] Market update — cooldown active, skipped alert
[2026-04-07 02:42 AM IST] [TASK] Competitor watch scan...
[2026-04-07 02:42 AM IST] [TASK] Content ideation scan...
[2026-04-07 02:44 AM IST] [TASK] Market Intelligence scan starting...
[2026-04-07 02:44 AM IST] [TASK] Market update — cooldown active, skipped alert
[2026-04-07 02:44 AM IST] [TASK] Strategic insight scan...
[2026-04-07 02:46 AM IST] [TASK] Market Intelligence scan starting...
[2026-04-07 02:46 AM IST] [TASK] Market update — cooldown active, skipped alert
[2026-04-07 02:46 AM IST] [TASK] Content ideation scan...
[2026-04-07 02:46 AM IST] [TASK] Competitor watch scan...
[2026-04-07 02:48 AM IST] [TASK] Market Intelligence scan starting...
[2026-04-07 02:48 AM IST] [TASK] Market update — cooldown active, skipped alert
[2026-04-07 02:49 AM IST] [TASK] Content ideation scan...
[2026-04-07 02:50 AM IST] [TASK] Strategic insight scan...
[2026-04-07 02:50 AM IST] [TASK] Market Intelligence scan starting...
[2026-04-07 02:50 AM IST] [TASK] Market update — cooldown active, skipped alert
[2026-04-07 02:51 AM IST] [TASK] Competitor watch scan...
[2026-04-07 02:52 AM IST] [TASK] Market Intelligence scan starting...
[2026-04-07 02:53 AM IST] [TASK] Market update — cooldown active, skipped alert
[2026-04-07 02:53 AM IST] [TASK] Content ideation scan...
[2026-04-07 02:55 AM IST] [TASK] Market Intelligence scan starting...
[2026-04-07 02:55 AM IST] [TASK] Market update — cooldown active, skipped alert
[2026-04-07 02:55 AM IST] [TASK] Competitor watch scan...
[2026-04-07 02:56 AM IST] [TASK] Content ideation scan...
[2026-04-07 02:56 AM IST] [TASK] Strategic insight scan...
[2026-04-07 02:57 AM IST] [TASK] Market Intelligence scan starting...
[2026-04-07 02:57 AM IST] [TASK] Market update — cooldown active, skipped alert
[2026-04-07 02:59 AM IST] [TASK] Market Intelligence scan starting...
[2026-04-07 02:59 AM IST] [TASK] Market update — cooldown active, skipped alert
[2026-04-07 02:59 AM IST] [TASK] Content ideation scan...
[2026-04-07 03:00 AM IST] [TASK] Competitor watch scan...
[2026-04-07 03:01 AM IST] [TASK] Market Intelligence scan starting...
[2026-04-07 03:01 AM IST] [TASK] Market update — cooldown active, skipped alert
[2026-04-07 03:02 AM IST] [TASK] Strategic insight scan...
[2026-04-07 03:02 AM IST] [TASK] Content ideation scan...
[2026-04-07 03:04 AM IST] [TASK] Market Intelligence scan starting...
[2026-04-07 03:04 AM IST] [TASK] Market update — cooldown active, skipped alert
[2026-04-07 03:04 AM IST] [TASK] Competitor watch scan...
[2026-04-07 03:06 AM IST] [TASK] Market Intelligence scan starting...
[2026-04-07 03:06 AM IST] [TASK] Market update — cooldown active, skipped alert
[2026-04-07 03:06 AM IST] [TASK] Content ideation scan...
[2026-04-07 03:08 AM IST] [TASK] Market Intelligence scan starting...
[2026-04-07 03:08 AM IST] [TASK] Market update — cooldown active, skipped alert
[2026-04-07 03:08 AM IST] [TASK] Competitor watch scan...
[2026-04-07 03:09 AM IST] [TASK] Strategic insight scan...
[2026-04-07 03:09 AM IST] [TASK] Content ideation scan...
[2026-04-07 03:10 AM IST] [TASK] Market Intelligence scan starting...
[2026-04-07 03:10 AM IST] [TASK] Market update — cooldown active, skipped alert
[2026-04-07 03:12 AM IST] [TASK] Market Intelligence scan starting...
[2026-04-07 03:12 AM IST] [TASK] Market update — cooldown active, skipped alert
[2026-04-07 03:12 AM IST] [TASK] Content ideation scan...
[2026-04-07 03:13 AM IST] [TASK] Competitor watch scan...
[2026-04-07 03:14 AM IST] [TASK] Market Intelligence scan starting...
[2026-04-07 03:15 AM IST] [TASK] Market update — cooldown active, skipped alert
[2026-04-07 03:15 AM IST] [TASK] Strategic insight scan...
[2026-04-07 03:16 AM IST] [TASK] Content ideation scan...
[2026-04-07 03:17 AM IST] [TASK] Market Intelligence scan starting...
[2026-04-07 03:17 AM IST] [TASK] Market update — cooldown active, skipped alert
[2026-04-07 03:17 AM IST] [TASK] Competitor watch scan...
[2026-04-07 03:19 AM IST] [TASK] Market Intelligence scan starting...
[2026-04-07 03:19 AM IST] [TASK] Market update — cooldown active, skipped alert
[2026-04-07 03:19 AM IST] [TASK] Content ideation scan...
[2026-04-07 03:21 AM IST] [TASK] Strategic insight scan...
[2026-04-07 03:21 AM IST] [TASK] Market Intelligence scan starting...
[2026-04-07 03:21 AM IST] [TASK] Market update — cooldown active, skipped alert
[2026-04-07 03:22 AM IST] [TASK] Competitor watch scan...
[2026-04-07 03:22 AM IST] [TASK] Content ideation scan...
[2026-04-07 03:23 AM IST] [TASK] Market Intelligence scan starting...
[2026-04-07 03:23 AM IST] [TASK] Market update — cooldown active, skipped alert
[2026-04-07 03:25 AM IST] [TASK] Market Intelligence scan starting...
[2026-04-07 03:26 AM IST] [TASK] Market update — cooldown active, skipped alert
[2026-04-07 03:26 AM IST] [TASK] Content ideation scan...
[2026-04-07 03:26 AM IST] [TASK] Competitor watch scan...
[2026-04-07 03:27 AM IST] [TASK] Strategic insight scan...
[2026-04-07 03:28 AM IST] [TASK] Market Intelligence scan starting...
[2026-04-07 03:28 AM IST] [TASK] Market update — cooldown active, skipped alert
[2026-04-07 03:28 AM IST] [TASK] Content ideation scan...
[2026-04-07 03:30 AM IST] [TASK] Market Intelligence scan starting...
[2026-04-07 03:30 AM IST] [ALERT] Market intelligence alert sent
[2026-04-07 03:31 AM IST] [TASK] Competitor watch scan...
[2026-04-07 03:31 AM IST] [ALERT] Competitor alert sent
[2026-04-07 03:32 AM IST] [TASK] Content ideation scan...
[2026-04-07 03:32 AM IST] [TASK] Market Intelligence scan starting...
[2026-04-07 03:32 AM IST] [TASK] Market update — cooldown active, skipped alert
[2026-04-07 03:33 AM IST] [TASK] Strategic insight scan...
[2026-04-07 03:34 AM IST] [TASK] Market Intelligence scan starting...
[2026-04-07 03:35 AM IST] [TASK] Market update — cooldown active, skipped alert
[2026-04-07 03:35 AM IST] [TASK] Content ideation scan...
[2026-04-07 03:35 AM IST] [TASK] Competitor watch scan...
[2026-04-07 03:37 AM IST] [TASK] Market Intelligence scan starting...
[2026-04-07 03:37 AM IST] [TASK] Market update — cooldown active, skipped alert
[2026-04-07 03:38 AM IST] [TASK] Content ideation scan...
[2026-04-07 03:39 AM IST] [TASK] Market Intelligence scan starting...
[2026-04-07 03:39 AM IST] [TASK] Market update — cooldown active, skipped alert
[2026-04-07 03:39 AM IST] [TASK] Competitor watch scan...
[2026-04-07 03:39 AM IST] [TASK] Strategic insight scan...
[2026-04-07 03:41 AM IST] [TASK] Market Intelligence scan starting...
[2026-04-07 03:41 AM IST] [TASK] Market update — cooldown active, skipped alert
[2026-04-07 03:42 AM IST] [TASK] Content ideation scan...
[2026-04-07 03:43 AM IST] [TASK] Market Intelligence scan starting...
[2026-04-07 03:43 AM IST] [TASK] Market update — cooldown active, skipped alert
[2026-04-07 03:44 AM IST] [TASK] Competitor watch scan...
[2026-04-07 03:45 AM IST] [TASK] Content ideation scan...
[2026-04-07 03:45 AM IST] [TASK] Market Intelligence scan starting...
[2026-04-07 03:46 AM IST] [TASK] Market update — cooldown active, skipped alert
[2026-04-07 03:46 AM IST] [TASK] Strategic insight scan...
[2026-04-07 03:48 AM IST] [TASK] Market Intelligence scan starting...
[2026-04-07 03:48 AM IST] [TASK] Market update — cooldown active, skipped alert
[2026-04-07 03:48 AM IST] [TASK] Content ideation scan...
[2026-04-07 03:48 AM IST] [TASK] Competitor watch scan...
[2026-04-07 03:50 AM IST] [TASK] Market Intelligence scan starting...
[2026-04-07 03:50 AM IST] [TASK] Market update — cooldown active, skipped alert
[2026-04-07 03:52 AM IST] [TASK] Content ideation scan...
[2026-04-07 03:52 AM IST] [TASK] Strategic insight scan...
[2026-04-07 03:52 AM IST] [TASK] Market Intelligence scan starting...
[2026-04-07 03:52 AM IST] [TASK] Market update — cooldown active, skipped alert
[2026-04-07 03:53 AM IST] [TASK] Competitor watch scan...
[2026-04-07 03:54 AM IST] [TASK] Market Intelligence scan starting...
[2026-04-07 03:54 AM IST] [TASK] Market update — cooldown active, skipped alert
[2026-04-07 03:55 AM IST] [TASK] Content ideation scan...
[2026-04-07 03:56 AM IST] [TASK] Market Intelligence scan starting...
[2026-04-07 03:57 AM IST] [TASK] Market update — cooldown active, skipped alert
[2026-04-07 03:57 AM IST] [TASK] Competitor watch scan...
[2026-04-07 03:58 AM IST] [TASK] Strategic insight scan...
[2026-04-07 03:58 AM IST] [TASK] Content ideation scan...
[2026-04-07 03:59 AM IST] [TASK] Market Intelligence scan starting...
[2026-04-07 03:59 AM IST] [TASK] Market update — cooldown active, skipped alert
[2026-04-07 04:01 AM IST] [TASK] Market Intelligence scan starting...
[2026-04-07 04:01 AM IST] [TASK] Market update — cooldown active, skipped alert
[2026-04-07 04:01 AM IST] [TASK] Content ideation scan...
[2026-04-07 04:01 AM IST] [TASK] Competitor watch scan...
[2026-04-07 04:03 AM IST] [TASK] Market Intelligence scan starting...
[2026-04-07 04:03 AM IST] [TASK] Market update — cooldown active, skipped alert
[2026-04-07 04:04 AM IST] [TASK] Strategic insight scan...
[2026-04-07 04:05 AM IST] [TASK] Content ideation scan...
[2026-04-07 04:05 AM IST] [TASK] Market Intelligence scan starting...
[2026-04-07 04:05 AM IST] [TASK] Market update — cooldown active, skipped alert
[2026-04-07 04:06 AM IST] [TASK] Competitor watch scan...
[2026-04-07 04:08 AM IST] [TASK] Market Intelligence scan starting...
[2026-04-07 04:08 AM IST] [TASK] Market update — cooldown active, skipped alert
[2026-04-07 04:08 AM IST] [TASK] Content ideation scan...
[2026-04-07 04:10 AM IST] [TASK] Market Intelligence scan starting...
[2026-04-07 04:10 AM IST] [TASK] Market update — cooldown active, skipped alert
[2026-04-07 04:10 AM IST] [TASK] Competitor watch scan...
[2026-04-07 04:10 AM IST] [TASK] Strategic insight scan...
[2026-04-07 04:11 AM IST] [TASK] Content ideation scan...
[2026-04-07 04:12 AM IST] [TASK] Market Intelligence scan starting...
[2026-04-07 04:12 AM IST] [TASK] Market update — cooldown active, skipped alert
[2026-04-07 04:14 AM IST] [TASK] Market Intelligence scan starting...
[2026-04-07 04:14 AM IST] [TASK] Market update — cooldown active, skipped alert
[2026-04-07 04:15 AM IST] [TASK] Content ideation scan...
[2026-04-07 04:15 AM IST] [TASK] Competitor watch scan...
[2026-04-07 04:16 AM IST] [TASK] Market Intelligence scan starting...
[2026-04-07 04:16 AM IST] [TASK] Market update — cooldown active, skipped alert
[2026-04-07 04:16 AM IST] [TASK] Strategic insight scan...
[2026-04-07 04:18 AM IST] [TASK] Content ideation scan...
[2026-04-07 04:19 AM IST] [TASK] Market Intelligence scan starting...
[2026-04-07 04:19 AM IST] [TASK] Market update — cooldown active, skipped alert
[2026-04-07 04:19 AM IST] [TASK] Competitor watch scan...
[2026-04-07 04:21 AM IST] [TASK] Market Intelligence scan starting...
[2026-04-07 04:21 AM IST] [TASK] Market update — cooldown active, skipped alert
[2026-04-07 04:21 AM IST] [TASK] Content ideation scan...
[2026-04-07 04:22 AM IST] [TASK] Strategic insight scan...
[2026-04-07 04:23 AM IST] [TASK] Market Intelligence scan starting...
[2026-04-07 04:23 AM IST] [TASK] Market update — cooldown active, skipped alert
[2026-04-07 04:23 AM IST] [TASK] Competitor watch scan...
[2026-04-07 04:25 AM IST] [TASK] Content ideation scan...
[2026-04-07 04:25 AM IST] [TASK] Market Intelligence scan starting...
[2026-04-07 04:25 AM IST] [TASK] Market update — cooldown active, skipped alert
[2026-04-07 04:27 AM IST] [TASK] Market Intelligence scan starting...
[2026-04-07 04:27 AM IST] [TASK] Market update — cooldown active, skipped alert
[2026-04-07 04:28 AM IST] [TASK] Content ideation scan...
[2026-04-07 04:28 AM IST] [TASK] Competitor watch scan...
[2026-04-07 04:29 AM IST] [TASK] Strategic insight scan...
[2026-04-07 04:30 AM IST] [TASK] Market Intelligence scan starting...
[2026-04-07 04:30 AM IST] [ALERT] Market intelligence alert sent
[2026-04-07 04:31 AM IST] [TASK] Content ideation scan...
[2026-04-07 04:32 AM IST] [TASK] Market Intelligence scan starting...
[2026-04-07 04:32 AM IST] [TASK] Market update — cooldown active, skipped alert
[2026-04-07 04:32 AM IST] [TASK] Competitor watch scan...
[2026-04-07 04:33 AM IST] [ALERT] Competitor alert sent
[2026-04-07 04:34 AM IST] [TASK] Market Intelligence scan starting...
[2026-04-07 04:34 AM IST] [TASK] Market update — cooldown active, skipped alert
[2026-04-07 04:35 AM IST] [TASK] Content ideation scan...
[2026-04-07 04:35 AM IST] [TASK] Strategic insight scan...
[2026-04-07 04:36 AM IST] [TASK] Market Intelligence scan starting...
[2026-04-07 04:36 AM IST] [TASK] Market update — cooldown active, skipped alert
[2026-04-07 04:37 AM IST] [TASK] Competitor watch scan...
[2026-04-07 04:38 AM IST] [TASK] Content ideation scan...
[2026-04-07 04:38 AM IST] [TASK] Market Intelligence scan starting...
[2026-04-07 04:39 AM IST] [TASK] Market update — cooldown active, skipped alert
[2026-04-07 04:41 AM IST] [TASK] Market Intelligence scan starting...
[2026-04-07 04:41 AM IST] [TASK] Market update — cooldown active, skipped alert
[2026-04-07 04:41 AM IST] [TASK] Content ideation scan...
[2026-04-07 04:41 AM IST] [TASK] Competitor watch scan...
[2026-04-07 04:41 AM IST] [TASK] Strategic insight scan...
[2026-04-07 04:43 AM IST] [TASK] Market Intelligence scan starting...
[2026-04-07 04:43 AM IST] [TASK] Market update — cooldown active, skipped alert
[2026-04-07 04:44 AM IST] [TASK] Content ideation scan...
[2026-04-07 04:45 AM IST] [TASK] Market Intelligence scan starting...
[2026-04-07 04:45 AM IST] [TASK] Market update — cooldown active, skipped alert
[2026-04-07 04:45 AM IST] [TASK] Competitor watch scan...
[2026-04-07 04:47 AM IST] [TASK] Market Intelligence scan starting...
[2026-04-07 04:47 AM IST] [TASK] Market update — cooldown active, skipped alert
[2026-04-07 04:47 AM IST] [TASK] Strategic insight scan...
[2026-04-07 04:48 AM IST] [TASK] Content ideation scan...
[2026-04-07 04:49 AM IST] [TASK] Market Intelligence scan starting...
[2026-04-07 04:49 AM IST] [TASK] Market update — cooldown active, skipped alert
[2026-04-07 04:50 AM IST] [TASK] Competitor watch scan...
[2026-04-07 04:51 AM IST] [TASK] Content ideation scan...
[2026-04-07 04:52 AM IST] [TASK] Market Intelligence scan starting...
[2026-04-07 04:52 AM IST] [TASK] Market update — cooldown active, skipped alert
[2026-04-07 04:53 AM IST] [TASK] Strategic insight scan...
[2026-04-07 04:54 AM IST] [TASK] Market Intelligence scan starting...
[2026-04-07 04:54 AM IST] [TASK] Market update — cooldown active, skipped alert
[2026-04-07 04:54 AM IST] [TASK] Content ideation scan...
[2026-04-07 04:54 AM IST] [TASK] Competitor watch scan...
[2026-04-07 04:56 AM IST] [TASK] Market Intelligence scan starting...
[2026-04-07 04:56 AM IST] [TASK] Market update — cooldown active, skipped alert
[2026-04-07 04:58 AM IST] [TASK] Content ideation scan...
[2026-04-07 04:58 AM IST] [TASK] Market Intelligence scan starting...
[2026-04-07 04:58 AM IST] [TASK] Market update — cooldown active, skipped alert
[2026-04-07 04:59 AM IST] [TASK] Competitor watch scan...
[2026-04-07 04:59 AM IST] [TASK] Strategic insight scan...
[2026-04-07 05:00 AM IST] [TASK] Market Intelligence scan starting...
[2026-04-07 05:00 AM IST] [TASK] Market update — cooldown active, skipped alert
[2026-04-07 05:01 AM IST] [TASK] Content ideation scan...
[2026-04-07 05:03 AM IST] [TASK] Market Intelligence scan starting...
[2026-04-07 05:03 AM IST] [TASK] Market update — cooldown active, skipped alert
[2026-04-07 05:03 AM IST] [TASK] Competitor watch scan...
[2026-04-07 05:04 AM IST] [TASK] Content ideation scan...
[2026-04-07 05:05 AM IST] [TASK] Market Intelligence scan starting...
[2026-04-07 05:05 AM IST] [TASK] Market update — cooldown active, skipped alert
[2026-04-07 05:05 AM IST] [TASK] Strategic insight scan...
[2026-04-07 05:07 AM IST] [TASK] Market Intelligence scan starting...
[2026-04-07 05:07 AM IST] [TASK] Market update — cooldown active, skipped alert
[2026-04-07 05:08 AM IST] [TASK] Content ideation scan...
[2026-04-07 05:08 AM IST] [TASK] Competitor watch scan...
[2026-04-07 05:09 AM IST] [TASK] Market Intelligence scan starting...
[2026-04-07 05:09 AM IST] [TASK] Market update — cooldown active, skipped alert
[2026-04-07 05:11 AM IST] [TASK] Content ideation scan...
[2026-04-07 05:11 AM IST] [TASK] Market Intelligence scan starting...
[2026-04-07 05:11 AM IST] [TASK] Market update — cooldown active, skipped alert
[2026-04-07 05:12 AM IST] [TASK] Competitor watch scan...
[2026-04-07 05:12 AM IST] [TASK] Strategic insight scan...
[2026-04-07 05:14 AM IST] [TASK] Market Intelligence scan starting...
[2026-04-07 05:14 AM IST] [TASK] Market update — cooldown active, skipped alert
[2026-04-07 05:14 AM IST] [TASK] Content ideation scan...
[2026-04-07 05:16 AM IST] [TASK] Market Intelligence scan starting...
[2026-04-07 05:16 AM IST] [TASK] Market update — cooldown active, skipped alert
[2026-04-07 05:16 AM IST] [TASK] Competitor watch scan...
[2026-04-07 05:17 AM IST] [TASK] Content ideation scan...
[2026-04-07 05:18 AM IST] [TASK] Market Intelligence scan starting...
[2026-04-07 05:18 AM IST] [TASK] Market update — cooldown active, skipped alert
[2026-04-07 05:18 AM IST] [TASK] Strategic insight scan...
[2026-04-07 05:20 AM IST] [TASK] Market Intelligence scan starting...
[2026-04-07 05:20 AM IST] [TASK] Market update — cooldown active, skipped alert
[2026-04-07 05:21 AM IST] [TASK] Content ideation scan...
[2026-04-07 05:21 AM IST] [TASK] Competitor watch scan...
[2026-04-07 05:22 AM IST] [TASK] Market Intelligence scan starting...
[2026-04-07 05:23 AM IST] [MISTRAL] API error: The read operation timed out
[2026-04-07 05:24 AM IST] [TASK] Content ideation scan...
[2026-04-07 05:24 AM IST] [TASK] Market Intelligence scan starting...
[2026-04-07 05:25 AM IST] [TASK] Market update — cooldown active, skipped alert
[2026-04-07 05:25 AM IST] [TASK] Strategic insight scan...
[2026-04-07 05:25 AM IST] [TASK] Competitor watch scan...
[2026-04-07 05:27 AM IST] [TASK] Market Intelligence scan starting...
[2026-04-07 05:27 AM IST] [TASK] Market update — cooldown active, skipped alert
[2026-04-07 05:27 AM IST] [TASK] Content ideation scan...
[2026-04-07 05:29 AM IST] [TASK] Market Intelligence scan starting...
[2026-04-07 05:29 AM IST] [TASK] Market update — cooldown active, skipped alert
[2026-04-07 05:29 AM IST] [TASK] Competitor watch scan...
[2026-04-07 05:30 AM IST] [ALERT] Competitor alert sent
[2026-04-07 05:31 AM IST] [TASK] Content ideation scan...
[2026-04-07 05:31 AM IST] [ALERT] Content idea sent
[2026-04-07 05:31 AM IST] [TASK] Strategic insight scan...
[2026-04-07 05:31 AM IST] [ALERT] Business insight sent
[2026-04-07 05:31 AM IST] [TASK] Market Intelligence scan starting...
[2026-04-07 05:31 AM IST] [ALERT] Market intelligence alert sent
[2026-04-07 05:33 AM IST] [TASK] Market Intelligence scan starting...
[2026-04-07 05:33 AM IST] [TASK] Market update — cooldown active, skipped alert
[2026-04-07 05:34 AM IST] [TASK] Content ideation scan...
[2026-04-07 05:34 AM IST] [TASK] Competitor watch scan...
[2026-04-07 05:36 AM IST] [TASK] Market Intelligence scan starting...
[2026-04-07 05:36 AM IST] [TASK] Market update — cooldown active, skipped alert
[2026-04-07 05:37 AM IST] [TASK] Strategic insight scan...
[2026-04-07 05:37 AM IST] [TASK] Content ideation scan...
[2026-04-07 05:38 AM IST] [TASK] Market Intelligence scan starting...
[2026-04-07 05:38 AM IST] [TASK] Market update — cooldown active, skipped alert
[2026-04-07 05:38 AM IST] [TASK] Competitor watch scan...
[2026-04-07 05:40 AM IST] [TASK] Market Intelligence scan starting...
[2026-04-07 05:40 AM IST] [TASK] Market update — cooldown active, skipped alert
[2026-04-07 05:41 AM IST] [TASK] Content ideation scan...
[2026-04-07 05:42 AM IST] [TASK] Market Intelligence scan starting...
[2026-04-07 05:42 AM IST] [TASK] Market update — cooldown active, skipped alert
[2026-04-07 05:43 AM IST] [TASK] Competitor watch scan...
[2026-04-07 05:43 AM IST] [TASK] Strategic insight scan...
[2026-04-07 05:44 AM IST] [TASK] Content ideation scan...
[2026-04-07 05:44 AM IST] [TASK] Market Intelligence scan starting...
[2026-04-07 05:45 AM IST] [TASK] Market update — cooldown active, skipped alert
[2026-04-07 05:47 AM IST] [TASK] Market Intelligence scan starting...
[2026-04-07 05:47 AM IST] [TASK] Market update — cooldown active, skipped alert
[2026-04-07 05:47 AM IST] [TASK] Content ideation scan...
[2026-04-07 05:47 AM IST] [TASK] Competitor watch scan...
[2026-04-07 05:49 AM IST] [TASK] Market Intelligence scan starting...
[2026-04-07 05:49 AM IST] [TASK] Market update — cooldown active, skipped alert
[2026-04-07 05:49 AM IST] [TASK] Strategic insight scan...
[2026-04-07 05:50 AM IST] [TASK] Content ideation scan...
[2026-04-07 05:51 AM IST] [TASK] Market Intelligence scan starting...
[2026-04-07 05:51 AM IST] [TASK] Market update — cooldown active, skipped alert
[2026-04-07 05:52 AM IST] [TASK] Competitor watch scan...
[2026-04-07 05:53 AM IST] [TASK] Market Intelligence scan starting...
[2026-04-07 05:53 AM IST] [TASK] Market update — cooldown active, skipped alert
[2026-04-07 05:54 AM IST] [TASK] Content ideation scan...
[2026-04-07 05:55 AM IST] [TASK] Market Intelligence scan starting...
[2026-04-07 05:55 AM IST] [TASK] Market update — cooldown active, skipped alert
[2026-04-07 05:55 AM IST] [TASK] Strategic insight scan...
[2026-04-07 05:56 AM IST] [TASK] Competitor watch scan...
[2026-04-07 05:57 AM IST] [TASK] Content ideation scan...
[2026-04-07 05:58 AM IST] [TASK] Market Intelligence scan starting...
[2026-04-07 05:58 AM IST] [TASK] Market update — cooldown active, skipped alert
[2026-04-07 06:00 AM IST] [TASK] Market Intelligence scan starting...
[2026-04-07 06:00 AM IST] [TASK] Market update — cooldown active, skipped alert
[2026-04-07 06:00 AM IST] [TASK] Content ideation scan...
[2026-04-07 06:00 AM IST] [TASK] Competitor watch scan...
[2026-04-07 06:01 AM IST] [TASK] Strategic insight scan...
[2026-04-07 06:02 AM IST] [TASK] Market Intelligence scan starting...
[2026-04-07 06:02 AM IST] [TASK] Market update — cooldown active, skipped alert
[2026-04-07 06:04 AM IST] [TASK] Content ideation scan...
[2026-04-07 06:04 AM IST] [TASK] Market Intelligence scan starting...
[2026-04-07 06:04 AM IST] [TASK] Market update — cooldown active, skipped alert
[2026-04-07 06:05 AM IST] [TASK] Competitor watch scan...
[2026-04-07 06:06 AM IST] [TASK] Market Intelligence scan starting...
[2026-04-07 06:06 AM IST] [TASK] Market update — cooldown active, skipped alert
[2026-04-07 06:07 AM IST] [TASK] Content ideation scan...
[2026-04-07 06:08 AM IST] [TASK] Strategic insight scan...
[2026-04-07 06:08 AM IST] [TASK] Market Intelligence scan starting...
[2026-04-07 06:09 AM IST] [TASK] Market update — cooldown active, skipped alert
[2026-04-07 06:09 AM IST] [TASK] Competitor watch scan...
[2026-04-07 06:10 AM IST] [TASK] Content ideation scan...
[2026-04-07 06:11 AM IST] [TASK] Market Intelligence scan starting...
[2026-04-07 06:11 AM IST] [TASK] Market update — cooldown active, skipped alert
[2026-04-07 06:13 AM IST] [TASK] Market Intelligence scan starting...
[2026-04-07 06:13 AM IST] [TASK] Market update — cooldown active, skipped alert
[2026-04-07 06:13 AM IST] [TASK] Content ideation scan...
[2026-04-07 06:13 AM IST] [TASK] Competitor watch scan...
[2026-04-07 06:14 AM IST] [TASK] Strategic insight scan...
[2026-04-07 06:15 AM IST] [TASK] Market Intelligence scan starting...
[2026-04-07 06:15 AM IST] [TASK] Market update — cooldown active, skipped alert
[2026-04-07 06:17 AM IST] [TASK] Content ideation scan...
[2026-04-07 06:17 AM IST] [TASK] Market Intelligence scan starting...
[2026-04-07 06:17 AM IST] [TASK] Market update — cooldown active, skipped alert
[2026-04-07 06:18 AM IST] [TASK] Competitor watch scan...
[2026-04-07 06:19 AM IST] [TASK] Market Intelligence scan starting...
[2026-04-07 06:19 AM IST] [TASK] Market update — cooldown active, skipped alert
[2026-04-07 06:20 AM IST] [TASK] Content ideation scan...
[2026-04-07 06:21 AM IST] [TASK] Strategic insight scan...
[2026-04-07 06:22 AM IST] [TASK] Market Intelligence scan starting...
[2026-04-07 06:22 AM IST] [TASK] Market update — cooldown active, skipped alert
[2026-04-07 06:22 AM IST] [TASK] Competitor watch scan...
[2026-04-07 06:23 AM IST] [TASK] Content ideation scan...
[2026-04-07 06:24 AM IST] [TASK] Market Intelligence scan starting...
[2026-04-07 06:24 AM IST] [TASK] Market update — cooldown active, skipped alert
[2026-04-07 06:26 AM IST] [TASK] Market Intelligence scan starting...
[2026-04-07 06:26 AM IST] [TASK] Market update — cooldown active, skipped alert
[2026-04-07 06:26 AM IST] [TASK] Content ideation scan...
[2026-04-07 06:27 AM IST] [TASK] Competitor watch scan...
[2026-04-07 06:27 AM IST] [TASK] Strategic insight scan...
[2026-04-07 06:28 AM IST] [TASK] Market Intelligence scan starting...
[2026-04-07 06:28 AM IST] [TASK] Market update — cooldown active, skipped alert
[2026-04-07 06:30 AM IST] [TASK] Content ideation scan...
[2026-04-07 06:30 AM IST] [TASK] Market Intelligence scan starting...
[2026-04-07 06:30 AM IST] [ALERT] Market intelligence alert sent
[2026-04-07 06:31 AM IST] [TASK] Competitor watch scan...
[2026-04-07 06:31 AM IST] [ALERT] Competitor alert sent
[2026-04-07 06:33 AM IST] [TASK] Market Intelligence scan starting...
[2026-04-07 06:33 AM IST] [TASK] Market update — cooldown active, skipped alert
[2026-04-07 06:33 AM IST] [TASK] Content ideation scan...
[2026-04-07 06:34 AM IST] [TASK] Strategic insight scan...
[2026-04-07 06:35 AM IST] [TASK] Market Intelligence scan starting...
[2026-04-07 06:35 AM IST] [TASK] Market update — cooldown active, skipped alert
[2026-04-07 06:35 AM IST] [TASK] Competitor watch scan...
[2026-04-07 06:36 AM IST] [TASK] Content ideation scan...
[2026-04-07 06:37 AM IST] [TASK] Market Intelligence scan starting...
[2026-04-07 06:37 AM IST] [TASK] Market update — cooldown active, skipped alert
[2026-04-07 06:39 AM IST] [TASK] Market Intelligence scan starting...
[2026-04-07 06:39 AM IST] [TASK] Market update — cooldown active, skipped alert
[2026-04-07 06:40 AM IST] [TASK] Content ideation scan...
[2026-04-07 06:40 AM IST] [TASK] Competitor watch scan...
[2026-04-07 06:40 AM IST] [TASK] Strategic insight scan...
[2026-04-07 06:41 AM IST] [TASK] Market Intelligence scan starting...
[2026-04-07 06:41 AM IST] [TASK] Market update — cooldown active, skipped alert
[2026-04-07 06:43 AM IST] [TASK] Content ideation scan...
[2026-04-07 06:44 AM IST] [TASK] Market Intelligence scan starting...
[2026-04-07 06:44 AM IST] [TASK] Market update — cooldown active, skipped alert
[2026-04-07 06:44 AM IST] [TASK] Competitor watch scan...
[2026-04-07 06:46 AM IST] [TASK] Market Intelligence scan starting...
[2026-04-07 06:46 AM IST] [TASK] Market update — cooldown active, skipped alert
[2026-04-07 06:46 AM IST] [TASK] Content ideation scan...
[2026-04-07 06:47 AM IST] [TASK] Strategic insight scan...
[2026-04-07 06:48 AM IST] [TASK] Market Intelligence scan starting...
[2026-04-07 06:48 AM IST] [TASK] Market update — cooldown active, skipped alert
[2026-04-07 06:48 AM IST] [TASK] Competitor watch scan...
[2026-04-07 06:50 AM IST] [TASK] Content ideation scan...
[2026-04-07 06:50 AM IST] [TASK] Market Intelligence scan starting...
[2026-04-07 06:50 AM IST] [TASK] Market update — cooldown active, skipped alert
[2026-04-07 06:52 AM IST] [TASK] Market Intelligence scan starting...
[2026-04-07 06:52 AM IST] [TASK] Market update — cooldown active, skipped alert
[2026-04-07 06:53 AM IST] [TASK] Content ideation scan...
[2026-04-07 06:53 AM IST] [TASK] Competitor watch scan...
[2026-04-07 06:53 AM IST] [TASK] Strategic insight scan...
[2026-04-07 06:55 AM IST] [TASK] Market Intelligence scan starting...
[2026-04-07 06:55 AM IST] [TASK] Market update — cooldown active, skipped alert
[2026-04-07 06:56 AM IST] [TASK] Content ideation scan...
[2026-04-07 06:57 AM IST] [TASK] Market Intelligence scan starting...
[2026-04-07 06:57 AM IST] [TASK] Market update — cooldown active, skipped alert
[2026-04-07 06:57 AM IST] [TASK] Competitor watch scan...
[2026-04-07 06:59 AM IST] [TASK] Market Intelligence scan starting...
[2026-04-07 06:59 AM IST] [TASK] Market update — cooldown active, skipped alert
[2026-04-07 06:59 AM IST] [TASK] Content ideation scan...
[2026-04-07 07:00 AM IST] [TASK] Strategic insight scan...
[2026-04-07 07:01 AM IST] [TASK] Market Intelligence scan starting...
[2026-04-07 07:01 AM IST] [TASK] Market update — cooldown active, skipped alert
[2026-04-07 07:02 AM IST] [TASK] Competitor watch scan...
[2026-04-07 07:03 AM IST] [TASK] Content ideation scan...
[2026-04-07 07:03 AM IST] [TASK] Market Intelligence scan starting...
[2026-04-07 07:03 AM IST] [TASK] Market update — cooldown active, skipped alert
[2026-04-07 07:05 AM IST] [TASK] Market Intelligence scan starting...
[2026-04-07 07:05 AM IST] [TASK] Market update — cooldown active, skipped alert
[2026-04-07 07:06 AM IST] [TASK] Content ideation scan...
[2026-04-07 07:06 AM IST] [TASK] Competitor watch scan...
[2026-04-07 07:07 AM IST] [TASK] Strategic insight scan...
[2026-04-07 07:08 AM IST] [TASK] Market Intelligence scan starting...
[2026-04-07 07:08 AM IST] [TASK] Market update — cooldown active, skipped alert
[2026-04-07 07:09 AM IST] [TASK] Content ideation scan...
[2026-04-07 07:10 AM IST] [TASK] Market Intelligence scan starting...
[2026-04-07 07:10 AM IST] [TASK] Market update — cooldown active, skipped alert
[2026-04-07 07:10 AM IST] [TASK] Competitor watch scan...
[2026-04-07 07:12 AM IST] [TASK] Market Intelligence scan starting...
[2026-04-07 07:12 AM IST] [TASK] Market update — cooldown active, skipped alert
[2026-04-07 07:12 AM IST] [TASK] Content ideation scan...
[2026-04-07 07:13 AM IST] [TASK] Strategic insight scan...
[2026-04-07 07:14 AM IST] [TASK] Market Intelligence scan starting...
[2026-04-07 07:14 AM IST] [TASK] Market update — cooldown active, skipped alert
[2026-04-07 07:15 AM IST] [TASK] Competitor watch scan...
[2026-04-07 07:16 AM IST] [TASK] Content ideation scan...
[2026-04-07 07:16 AM IST] [TASK] Market Intelligence scan starting...
[2026-04-07 07:16 AM IST] [TASK] Market update — cooldown active, skipped alert
[2026-04-07 07:18 AM IST] [TASK] Market Intelligence scan starting...
[2026-04-07 07:19 AM IST] [TASK] Market update — cooldown active, skipped alert
[2026-04-07 07:19 AM IST] [TASK] Content ideation scan...
[2026-04-07 07:19 AM IST] [TASK] Competitor watch scan...
[2026-04-07 07:20 AM IST] [TASK] Strategic insight scan...
[2026-04-07 07:21 AM IST] [TASK] Market Intelligence scan starting...
[2026-04-07 07:21 AM IST] [TASK] Market update — cooldown active, skipped alert
[2026-04-07 07:22 AM IST] [TASK] Content ideation scan...
[2026-04-07 07:23 AM IST] [TASK] Market Intelligence scan starting...
[2026-04-07 07:23 AM IST] [TASK] Market update — cooldown active, skipped alert
[2026-04-07 07:23 AM IST] [TASK] Competitor watch scan...
[2026-04-07 07:25 AM IST] [TASK] Market Intelligence scan starting...
[2026-04-07 07:25 AM IST] [TASK] Market update — cooldown active, skipped alert
[2026-04-07 07:26 AM IST] [TASK] Content ideation scan...
[2026-04-07 07:26 AM IST] [TASK] Strategic insight scan...
[2026-04-07 07:27 AM IST] [TASK] Market Intelligence scan starting...
[2026-04-07 07:27 AM IST] [TASK] Market update — cooldown active, skipped alert
[2026-04-07 07:28 AM IST] [TASK] Competitor watch scan...
[2026-04-07 07:29 AM IST] [TASK] Content ideation scan...
[2026-04-07 07:30 AM IST] [TASK] Market Intelligence scan starting...
[2026-04-07 07:30 AM IST] [ALERT] Market intelligence alert sent
[2026-04-07 07:32 AM IST] [TASK] Market Intelligence scan starting...
[2026-04-07 07:32 AM IST] [TASK] Market update — cooldown active, skipped alert
[2026-04-07 07:32 AM IST] [TASK] Content ideation scan...
[2026-04-07 07:32 AM IST] [TASK] Competitor watch scan...
[2026-04-07 07:32 AM IST] [ALERT] Competitor alert sent
[2026-04-07 07:33 AM IST] [TASK] Strategic insight scan...
[2026-04-07 07:34 AM IST] [TASK] Market Intelligence scan starting...
[2026-04-07 07:34 AM IST] [TASK] Market update — cooldown active, skipped alert
[2026-04-07 07:36 AM IST] [TASK] Content ideation scan...
[2026-04-07 07:36 AM IST] [TASK] Market Intelligence scan starting...
[2026-04-07 07:36 AM IST] [TASK] Market update — cooldown active, skipped alert
[2026-04-07 07:36 AM IST] [TASK] Competitor watch scan...
[2026-04-07 07:38 AM IST] [TASK] Market Intelligence scan starting...
[2026-04-07 07:39 AM IST] [TASK] Market update — cooldown active, skipped alert
[2026-04-07 07:39 AM IST] [TASK] Content ideation scan...
[2026-04-07 07:39 AM IST] [TASK] Strategic insight scan...
[2026-04-07 07:41 AM IST] [TASK] Market Intelligence scan starting...
[2026-04-07 07:41 AM IST] [TASK] Market update — cooldown active, skipped alert
[2026-04-07 07:41 AM IST] [TASK] Competitor watch scan...
[2026-04-07 07:42 AM IST] [TASK] Content ideation scan...
[2026-04-07 07:43 AM IST] [TASK] Market Intelligence scan starting...
[2026-04-07 07:43 AM IST] [TASK] Market update — cooldown active, skipped alert
[2026-04-07 07:45 AM IST] [TASK] Market Intelligence scan starting...
[2026-04-07 07:45 AM IST] [TASK] Market update — cooldown active, skipped alert
[2026-04-07 07:45 AM IST] [TASK] Competitor watch scan...
[2026-04-07 07:45 AM IST] [TASK] Strategic insight scan...
[2026-04-07 07:46 AM IST] [TASK] Content ideation scan...
[2026-04-07 07:47 AM IST] [TASK] Market Intelligence scan starting...
[2026-04-07 07:47 AM IST] [TASK] Market update — cooldown active, skipped alert
[2026-04-07 07:49 AM IST] [TASK] Content ideation scan...
[2026-04-07 07:50 AM IST] [TASK] Market Intelligence scan starting...
[2026-04-07 07:50 AM IST] [TASK] Market update — cooldown active, skipped alert
[2026-04-07 07:50 AM IST] [TASK] Competitor watch scan...
[2026-04-07 07:51 AM IST] [TASK] Strategic insight scan...
[2026-04-07 07:52 AM IST] [TASK] Market Intelligence scan starting...
[2026-04-07 07:52 AM IST] [TASK] Market update — cooldown active, skipped alert
[2026-04-07 07:52 AM IST] [TASK] Content ideation scan...
[2026-04-07 07:54 AM IST] [TASK] Market Intelligence scan starting...
[2026-04-07 07:54 AM IST] [TASK] Market update — cooldown active, skipped alert
[2026-04-07 07:54 AM IST] [TASK] Competitor watch scan...
[2026-04-07 07:56 AM IST] [TASK] Content ideation scan...
[2026-04-07 07:56 AM IST] [TASK] Market Intelligence scan starting...
[2026-04-07 07:56 AM IST] [TASK] Market update — cooldown active, skipped alert
[2026-04-07 07:57 AM IST] [TASK] Strategic insight scan...
[2026-04-07 07:58 AM IST] [TASK] Market Intelligence scan starting...
[2026-04-07 07:58 AM IST] [TASK] Market update — cooldown active, skipped alert
[2026-04-07 07:58 AM IST] [TASK] Competitor watch scan...
[2026-04-07 07:59 AM IST] [TASK] Content ideation scan...
[2026-04-07 08:01 AM IST] [TASK] Market Intelligence scan starting...
[2026-04-07 08:01 AM IST] [TASK] Market update — cooldown active, skipped alert
[2026-04-07 08:02 AM IST] [TASK] Content ideation scan...
[2026-04-07 08:03 AM IST] [TASK] Market Intelligence scan starting...
[2026-04-07 08:03 AM IST] [TASK] Market update — cooldown active, skipped alert
[2026-04-07 08:03 AM IST] [TASK] Competitor watch scan...
[2026-04-07 08:03 AM IST] [TASK] Strategic insight scan...
[2026-04-07 08:05 AM IST] [TASK] Market Intelligence scan starting...
[2026-04-07 08:05 AM IST] [TASK] Market update — cooldown active, skipped alert
[2026-04-07 08:06 AM IST] [TASK] Content ideation scan...
[2026-04-07 08:07 AM IST] [TASK] Market Intelligence scan starting...
[2026-04-07 08:07 AM IST] [TASK] Market update — cooldown active, skipped alert
[2026-04-07 08:07 AM IST] [TASK] Competitor watch scan...
[2026-04-07 08:09 AM IST] [TASK] Content ideation scan...
[2026-04-07 08:09 AM IST] [TASK] Market Intelligence scan starting...
[2026-04-07 08:09 AM IST] [TASK] Market update — cooldown active, skipped alert
[2026-04-07 08:10 AM IST] [TASK] Strategic insight scan...
[2026-04-07 08:12 AM IST] [TASK] Market Intelligence scan starting...
[2026-04-07 08:12 AM IST] [TASK] Market update — cooldown active, skipped alert
[2026-04-07 08:12 AM IST] [TASK] Competitor watch scan...
[2026-04-07 08:12 AM IST] [TASK] Content ideation scan...
[2026-04-07 08:14 AM IST] [TASK] Market Intelligence scan starting...
[2026-04-07 08:14 AM IST] [TASK] Market update — cooldown active, skipped alert
[2026-04-07 08:15 AM IST] [TASK] Content ideation scan...
[2026-04-07 08:16 AM IST] [TASK] Market Intelligence scan starting...
[2026-04-07 08:16 AM IST] [TASK] Market update — cooldown active, skipped alert
[2026-04-07 08:16 AM IST] [TASK] Competitor watch scan...
[2026-04-07 08:17 AM IST] [TASK] Strategic insight scan...
[2026-04-07 08:18 AM IST] [TASK] Market Intelligence scan starting...
[2026-04-07 08:18 AM IST] [TASK] Market update — cooldown active, skipped alert
[2026-04-07 08:19 AM IST] [TASK] Content ideation scan...
[2026-04-07 08:20 AM IST] [TASK] Market Intelligence scan starting...
[2026-04-07 08:20 AM IST] [TASK] Market update — cooldown active, skipped alert
[2026-04-07 08:20 AM IST] [TASK] Competitor watch scan...
[2026-04-07 08:22 AM IST] [TASK] Content ideation scan...
[2026-04-07 08:23 AM IST] [TASK] Market Intelligence scan starting...
[2026-04-07 08:23 AM IST] [TASK] Market update — cooldown active, skipped alert
[2026-04-07 08:23 AM IST] [TASK] Strategic insight scan...
[2026-04-07 08:25 AM IST] [TASK] Market Intelligence scan starting...
[2026-04-07 08:25 AM IST] [TASK] Market update — cooldown active, skipped alert
[2026-04-07 08:25 AM IST] [TASK] Competitor watch scan...
[2026-04-07 08:25 AM IST] [TASK] Content ideation scan...
[2026-04-07 08:27 AM IST] [TASK] Market Intelligence scan starting...
[2026-04-07 08:27 AM IST] [TASK] Market update — cooldown active, skipped alert
[2026-04-07 08:28 AM IST] [TASK] Content ideation scan...
[2026-04-07 08:29 AM IST] [TASK] Market Intelligence scan starting...
[2026-04-07 08:29 AM IST] [TASK] Market update — cooldown active, skipped alert
[2026-04-07 08:29 AM IST] [TASK] Competitor watch scan...
[2026-04-07 08:30 AM IST] [TASK] Strategic insight scan...
[2026-04-07 08:31 AM IST] [TASK] Market Intelligence scan starting...
[2026-04-07 08:31 AM IST] [ALERT] Market intelligence alert sent
[2026-04-07 08:32 AM IST] [TASK] Content ideation scan...
[2026-04-07 08:33 AM IST] [TASK] Market Intelligence scan starting...
[2026-04-07 08:34 AM IST] [TASK] Market update — cooldown active, skipped alert
[2026-04-07 08:34 AM IST] [TASK] Competitor watch scan...
[2026-04-07 08:34 AM IST] [ALERT] Competitor alert sent
[2026-04-07 08:35 AM IST] [TASK] Content ideation scan...
[2026-04-07 08:36 AM IST] [TASK] Market Intelligence scan starting...
[2026-04-07 08:36 AM IST] [TASK] Market update — cooldown active, skipped alert
[2026-04-07 08:36 AM IST] [TASK] Strategic insight scan...
[2026-04-07 08:38 AM IST] [TASK] Market Intelligence scan starting...
[2026-04-07 08:38 AM IST] [TASK] Market update — cooldown active, skipped alert
[2026-04-07 08:38 AM IST] [TASK] Competitor watch scan...
[2026-04-07 08:39 AM IST] [TASK] Content ideation scan...
[2026-04-07 08:40 AM IST] [TASK] Market Intelligence scan starting...
[2026-04-07 08:40 AM IST] [TASK] Market update — cooldown active, skipped alert
[2026-04-07 08:42 AM IST] [TASK] Content ideation scan...
[2026-04-07 08:42 AM IST] [TASK] Market Intelligence scan starting...
[2026-04-07 08:42 AM IST] [TASK] Market update — cooldown active, skipped alert
[2026-04-07 08:42 AM IST] [TASK] Competitor watch scan...
[2026-04-07 08:42 AM IST] [TASK] Strategic insight scan...
[2026-04-07 08:44 AM IST] [TASK] Market Intelligence scan starting...
[2026-04-07 08:45 AM IST] [TASK] Market update — cooldown active, skipped alert
[2026-04-07 08:45 AM IST] [TASK] Content ideation scan...
[2026-04-07 08:47 AM IST] [TASK] Market Intelligence scan starting...
[2026-04-07 08:47 AM IST] [TASK] Market update — cooldown active, skipped alert
[2026-04-07 08:47 AM IST] [TASK] Competitor watch scan...
[2026-04-07 08:48 AM IST] [TASK] Content ideation scan...
[2026-04-07 08:48 AM IST] [TASK] Strategic insight scan...
[2026-04-07 08:49 AM IST] [TASK] Market Intelligence scan starting...
[2026-04-07 08:49 AM IST] [TASK] Market update — cooldown active, skipped alert
[2026-04-07 08:51 AM IST] [TASK] Market Intelligence scan starting...
[2026-04-07 08:51 AM IST] [TASK] Market update — cooldown active, skipped alert
[2026-04-07 08:51 AM IST] [TASK] Competitor watch scan...
[2026-04-07 08:52 AM IST] [TASK] Content ideation scan...
[2026-04-07 08:53 AM IST] [TASK] Market Intelligence scan starting...
[2026-04-07 08:53 AM IST] [TASK] Market update — cooldown active, skipped alert
[2026-04-07 08:54 AM IST] [TASK] Strategic insight scan...
[2026-04-07 08:55 AM IST] [TASK] Content ideation scan...
[2026-04-07 08:55 AM IST] [TASK] Market Intelligence scan starting...
[2026-04-07 08:55 AM IST] [TASK] Market update — cooldown active, skipped alert
[2026-04-07 08:55 AM IST] [TASK] Competitor watch scan...
[2026-04-07 08:58 AM IST] [TASK] Market Intelligence scan starting...
[2026-04-07 08:58 AM IST] [TASK] Market update — cooldown active, skipped alert
[2026-04-07 08:58 AM IST] [TASK] Content ideation scan...
[2026-04-07 09:00 AM IST] [TASK] Market Intelligence scan starting...
[2026-04-07 09:00 AM IST] [TASK] Market update — cooldown active, skipped alert
[2026-04-07 09:00 AM IST] [TASK] Competitor watch scan...
[2026-04-07 09:00 AM IST] [TASK] Strategic insight scan...
[2026-04-07 09:02 AM IST] [TASK] Content ideation scan...
[2026-04-07 09:02 AM IST] [TASK] Market Intelligence scan starting...
[2026-04-07 09:02 AM IST] [TASK] Market update — cooldown active, skipped alert
[2026-04-07 09:04 AM IST] [TASK] Market Intelligence scan starting...
[2026-04-07 09:04 AM IST] [TASK] Market update — cooldown active, skipped alert
[2026-04-07 09:04 AM IST] [TASK] Competitor watch scan...
[2026-04-07 09:05 AM IST] [TASK] Content ideation scan...
[2026-04-07 09:06 AM IST] [TASK] Market Intelligence scan starting...
[2026-04-07 09:06 AM IST] [TASK] Market update — cooldown active, skipped alert
[2026-04-07 09:06 AM IST] [TASK] Strategic insight scan...
[2026-04-07 09:08 AM IST] [TASK] Content ideation scan...
[2026-04-07 09:09 AM IST] [TASK] Market Intelligence scan starting...
[2026-04-07 09:09 AM IST] [TASK] Market update — cooldown active, skipped alert
[2026-04-07 09:09 AM IST] [TASK] Competitor watch scan...
[2026-04-07 09:11 AM IST] [TASK] Market Intelligence scan starting...
[2026-04-07 09:11 AM IST] [TASK] Market update — cooldown active, skipped alert
[2026-04-07 09:11 AM IST] [TASK] Content ideation scan...
[2026-04-07 09:12 AM IST] [TASK] Strategic insight scan...
[2026-04-07 09:13 AM IST] [TASK] Market Intelligence scan starting...
[2026-04-07 09:13 AM IST] [TASK] Market update — cooldown active, skipped alert
[2026-04-07 09:13 AM IST] [TASK] Competitor watch scan...
[2026-04-07 09:15 AM IST] [TASK] Content ideation scan...
[2026-04-07 09:15 AM IST] [TASK] Market Intelligence scan starting...
[2026-04-07 09:15 AM IST] [TASK] Market update — cooldown active, skipped alert
[2026-04-07 09:17 AM IST] [TASK] Market Intelligence scan starting...
[2026-04-07 09:18 AM IST] [TASK] Market update — cooldown active, skipped alert
[2026-04-07 09:18 AM IST] [TASK] Competitor watch scan...
[2026-04-07 09:18 AM IST] [TASK] Content ideation scan...
[2026-04-07 09:19 AM IST] [TASK] Strategic insight scan...
[2026-04-07 09:20 AM IST] [TASK] Market Intelligence scan starting...
[2026-04-07 09:20 AM IST] [TASK] Market update — cooldown active, skipped alert
[2026-04-07 09:21 AM IST] [TASK] Content ideation scan...
[2026-04-07 09:22 AM IST] [TASK] Market Intelligence scan starting...
[2026-04-07 09:22 AM IST] [TASK] Market update — cooldown active, skipped alert
[2026-04-07 09:22 AM IST] [TASK] Competitor watch scan...
[2026-04-07 09:24 AM IST] [TASK] Market Intelligence scan starting...
[2026-04-07 09:24 AM IST] [TASK] Market update — cooldown active, skipped alert
[2026-04-07 09:25 AM IST] [TASK] Content ideation scan...
[2026-04-07 09:25 AM IST] [TASK] Strategic insight scan...
[2026-04-07 09:26 AM IST] [TASK] Market Intelligence scan starting...
[2026-04-07 09:26 AM IST] [TASK] Market update — cooldown active, skipped alert
[2026-04-07 09:26 AM IST] [TASK] Competitor watch scan...
[2026-04-07 09:28 AM IST] [TASK] Content ideation scan...
[2026-04-07 09:29 AM IST] [TASK] Market Intelligence scan starting...
[2026-04-07 09:29 AM IST] [TASK] Market update — cooldown active, skipped alert
[2026-04-07 09:31 AM IST] [TASK] Market Intelligence scan starting...
[2026-04-07 09:31 AM IST] [ALERT] Market intelligence alert sent
[2026-04-07 09:31 AM IST] [TASK] Competitor watch scan...
[2026-04-07 09:31 AM IST] [TELEGRAM] Failed to send: HTTP Error 400: Bad Request
[2026-04-07 09:31 AM IST] [ALERT] Competitor alert sent
[2026-04-07 09:31 AM IST] [TASK] Content ideation scan...
[2026-04-07 09:31 AM IST] [TASK] Strategic insight scan...
[2026-04-07 09:33 AM IST] [TASK] Market Intelligence scan starting...
[2026-04-07 09:33 AM IST] [TASK] Market update — cooldown active, skipped alert
[2026-04-07 09:34 AM IST] [TASK] Content ideation scan...
[2026-04-07 09:35 AM IST] [TASK] Market Intelligence scan starting...
[2026-04-07 09:35 AM IST] [TASK] Market update — cooldown active, skipped alert
[2026-04-07 09:35 AM IST] [TASK] Competitor watch scan...
[2026-04-07 09:37 AM IST] [TASK] Market Intelligence scan starting...
[2026-04-07 09:37 AM IST] [TASK] Market update — cooldown active, skipped alert
[2026-04-07 09:38 AM IST] [TASK] Content ideation scan...
[2026-04-07 09:38 AM IST] [TASK] Strategic insight scan...
[2026-04-07 09:39 AM IST] [TASK] Market Intelligence scan starting...
[2026-04-07 09:39 AM IST] [TASK] Market update — cooldown active, skipped alert
[2026-04-07 09:39 AM IST] [TASK] Competitor watch scan...
[2026-04-07 09:41 AM IST] [TASK] Content ideation scan...
[2026-04-07 09:42 AM IST] [TASK] Market Intelligence scan starting...
[2026-04-07 09:42 AM IST] [TASK] Market update — cooldown active, skipped alert
[2026-04-07 09:44 AM IST] [TASK] Market Intelligence scan starting...
[2026-04-07 09:44 AM IST] [TASK] Market update — cooldown active, skipped alert
[2026-04-07 09:44 AM IST] [TASK] Competitor watch scan...
[2026-04-07 09:44 AM IST] [TASK] Content ideation scan...
[2026-04-07 09:44 AM IST] [TASK] Strategic insight scan...
[2026-04-07 09:46 AM IST] [TASK] Market Intelligence scan starting...
[2026-04-07 09:46 AM IST] [TASK] Market update — cooldown active, skipped alert
[2026-04-07 09:48 AM IST] [TASK] Content ideation scan...
[2026-04-07 09:48 AM IST] [TASK] Market Intelligence scan starting...
[2026-04-07 09:48 AM IST] [TASK] Market update — cooldown active, skipped alert
[2026-04-07 09:48 AM IST] [TASK] Competitor watch scan...
[2026-04-07 09:50 AM IST] [TASK] Market Intelligence scan starting...
[2026-04-07 09:50 AM IST] [TASK] Market update — cooldown active, skipped alert
[2026-04-07 09:51 AM IST] [TASK] Content ideation scan...
[2026-04-07 09:51 AM IST] [TASK] Strategic insight scan...
[2026-04-07 09:53 AM IST] [TASK] Market Intelligence scan starting...
[2026-04-07 09:53 AM IST] [TASK] Market update — cooldown active, skipped alert
[2026-04-07 09:53 AM IST] [TASK] Competitor watch scan...
[2026-04-07 09:54 AM IST] [TASK] Content ideation scan...
[2026-04-07 09:55 AM IST] [TASK] Market Intelligence scan starting...
[2026-04-07 09:55 AM IST] [TASK] Market update — cooldown active, skipped alert
[2026-04-07 09:57 AM IST] [TASK] Market Intelligence scan starting...
[2026-04-07 09:57 AM IST] [TASK] Market update — cooldown active, skipped alert
[2026-04-07 09:57 AM IST] [TASK] Competitor watch scan...
[2026-04-07 09:58 AM IST] [TASK] Content ideation scan...
[2026-04-07 09:58 AM IST] [TASK] Strategic insight scan...
[2026-04-07 09:59 AM IST] [TASK] Market Intelligence scan starting...
[2026-04-07 09:59 AM IST] [TASK] Market update — cooldown active, skipped alert
[2026-04-07 10:01 AM IST] [TASK] Content ideation scan...
[2026-04-07 10:02 AM IST] [TASK] Market Intelligence scan starting...
[2026-04-07 10:02 AM IST] [TASK] Market update — cooldown active, skipped alert
[2026-04-07 10:02 AM IST] [TASK] Competitor watch scan...
[2026-04-07 10:04 AM IST] [TASK] Market Intelligence scan starting...
[2026-04-07 10:04 AM IST] [TASK] Market update — cooldown active, skipped alert
[2026-04-07 10:04 AM IST] [TASK] Strategic insight scan...
[2026-04-07 10:04 AM IST] [TASK] Content ideation scan...
[2026-04-07 10:06 AM IST] [TASK] Market Intelligence scan starting...
[2026-04-07 10:06 AM IST] [TASK] Market update — cooldown active, skipped alert
[2026-04-07 10:06 AM IST] [TASK] Competitor watch scan...
[2026-04-07 10:08 AM IST] [TASK] Content ideation scan...
[2026-04-07 10:08 AM IST] [TASK] Market Intelligence scan starting...
[2026-04-07 10:08 AM IST] [TASK] Market update — cooldown active, skipped alert
[2026-04-07 10:10 AM IST] [TASK] Strategic insight scan...
[2026-04-07 10:10 AM IST] [TASK] Market Intelligence scan starting...
[2026-04-07 10:10 AM IST] [TASK] Market update — cooldown active, skipped alert
[2026-04-07 10:10 AM IST] [TASK] Competitor watch scan...
[2026-04-07 10:11 AM IST] [TASK] Content ideation scan...
[2026-04-07 10:13 AM IST] [TASK] Market Intelligence scan starting...
[2026-04-07 10:13 AM IST] [TASK] Market update — cooldown active, skipped alert
[2026-04-07 10:14 AM IST] [TASK] Content ideation scan...
[2026-04-07 10:15 AM IST] [TASK] Market Intelligence scan starting...
[2026-04-07 10:15 AM IST] [TASK] Market update — cooldown active, skipped alert
[2026-04-07 10:15 AM IST] [TASK] Competitor watch scan...
[2026-04-07 10:16 AM IST] [TASK] Strategic insight scan...
[2026-04-07 10:17 AM IST] [TASK] Market Intelligence scan starting...
[2026-04-07 10:17 AM IST] [TASK] Market update — cooldown active, skipped alert
[2026-04-07 10:18 AM IST] [TASK] Content ideation scan...
[2026-04-07 10:19 AM IST] [TASK] Market Intelligence scan starting...
[2026-04-07 10:19 AM IST] [TASK] Market update — cooldown active, skipped alert
[2026-04-07 10:19 AM IST] [TASK] Competitor watch scan...
[2026-04-07 10:21 AM IST] [TASK] Content ideation scan...
[2026-04-07 10:21 AM IST] [TASK] Market Intelligence scan starting...
[2026-04-07 10:21 AM IST] [TASK] Market update — cooldown active, skipped alert
[2026-04-07 10:22 AM IST] [TASK] Strategic insight scan...
[2026-04-07 10:24 AM IST] [TASK] Market Intelligence scan starting...
[2026-04-07 10:24 AM IST] [TASK] Market update — cooldown active, skipped alert
[2026-04-07 10:24 AM IST] [TASK] Competitor watch scan...
[2026-04-07 10:24 AM IST] [TASK] Content ideation scan...
[2026-04-07 10:26 AM IST] [TASK] Market Intelligence scan starting...
[2026-04-07 10:26 AM IST] [TASK] Market update — cooldown active, skipped alert
[2026-04-07 10:27 AM IST] [TASK] Content ideation scan...
[2026-04-07 10:28 AM IST] [TASK] Market Intelligence scan starting...
[2026-04-07 10:28 AM IST] [TASK] Market update — cooldown active, skipped alert
[2026-04-07 10:28 AM IST] [TASK] Competitor watch scan...
[2026-04-07 10:28 AM IST] [TASK] Strategic insight scan...
[2026-04-07 10:30 AM IST] [TASK] Market Intelligence scan starting...
[2026-04-07 10:30 AM IST] [ALERT] Market intelligence alert sent
[2026-04-07 10:31 AM IST] [TASK] Content ideation scan...
[2026-04-07 10:32 AM IST] [TASK] Market Intelligence scan starting...
[2026-04-07 10:32 AM IST] [TASK] Market update — cooldown active, skipped alert
[2026-04-07 10:32 AM IST] [TASK] Competitor watch scan...
[2026-04-07 10:32 AM IST] [ALERT] Competitor alert sent
[2026-04-07 10:34 AM IST] [TASK] Content ideation scan...
[2026-04-07 10:34 AM IST] [TASK] Strategic insight scan...
[2026-04-07 10:35 AM IST] [TASK] Market Intelligence scan starting...
[2026-04-07 10:35 AM IST] [TASK] Market update — cooldown active, skipped alert
[2026-04-07 10:37 AM IST] [TASK] Market Intelligence scan starting...
[2026-04-07 10:37 AM IST] [TASK] Market update — cooldown active, skipped alert
[2026-04-07 10:37 AM IST] [TASK] Competitor watch scan...
[2026-04-07 10:37 AM IST] [TASK] Content ideation scan...
[2026-04-07 10:39 AM IST] [TASK] Market Intelligence scan starting...
[2026-04-07 10:39 AM IST] [TASK] Market update — cooldown active, skipped alert
[2026-04-07 10:40 AM IST] [TASK] Content ideation scan...
[2026-04-07 10:41 AM IST] [TASK] Strategic insight scan...
[2026-04-07 10:41 AM IST] [TASK] Market Intelligence scan starting...
[2026-04-07 10:41 AM IST] [TASK] Market update — cooldown active, skipped alert
[2026-04-07 10:41 AM IST] [TASK] Competitor watch scan...
[2026-04-07 10:43 AM IST] [TASK] Market Intelligence scan starting...
[2026-04-07 10:43 AM IST] [TASK] Market update — cooldown active, skipped alert
[2026-04-07 10:44 AM IST] [TASK] Content ideation scan...
[2026-04-07 10:45 AM IST] [TASK] Market Intelligence scan starting...
[2026-04-07 10:45 AM IST] [TASK] Market update — cooldown active, skipped alert
[2026-04-07 10:45 AM IST] [TASK] Competitor watch scan...
[2026-04-07 10:47 AM IST] [TASK] Strategic insight scan...
[2026-04-07 10:47 AM IST] [TASK] Content ideation scan...
[2026-04-07 10:48 AM IST] [TASK] Market Intelligence scan starting...
[2026-04-07 10:48 AM IST] [TASK] Market update — cooldown active, skipped alert
[2026-04-07 10:50 AM IST] [TASK] Market Intelligence scan starting...
[2026-04-07 10:50 AM IST] [TASK] Market update — cooldown active, skipped alert
[2026-04-07 10:50 AM IST] [TASK] Competitor watch scan...
[2026-04-07 10:50 AM IST] [TASK] Content ideation scan...
[2026-04-07 10:52 AM IST] [TASK] Market Intelligence scan starting...
[2026-04-07 10:52 AM IST] [TASK] Market update — cooldown active, skipped alert
[2026-04-07 10:53 AM IST] [TASK] Strategic insight scan...
[2026-04-07 10:54 AM IST] [TASK] Content ideation scan...
[2026-04-07 10:54 AM IST] [TASK] Market Intelligence scan starting...
[2026-04-07 10:54 AM IST] [TASK] Market update — cooldown active, skipped alert
[2026-04-07 10:54 AM IST] [TASK] Competitor watch scan...
[2026-04-07 10:56 AM IST] [TASK] Market Intelligence scan starting...
[2026-04-07 10:57 AM IST] [TASK] Market update — cooldown active, skipped alert
[2026-04-07 10:57 AM IST] [TASK] Content ideation scan...
[2026-04-07 10:59 AM IST] [TASK] Market Intelligence scan starting...
[2026-04-07 10:59 AM IST] [TASK] Market update — cooldown active, skipped alert
[2026-04-07 10:59 AM IST] [TASK] Competitor watch scan...
[2026-04-07 10:59 AM IST] [TASK] Strategic insight scan...
[2026-04-07 11:00 AM IST] [TASK] Content ideation scan...
[2026-04-07 11:01 AM IST] [TASK] Market Intelligence scan starting...
[2026-04-07 11:01 AM IST] [TASK] Market update — cooldown active, skipped alert
[2026-04-07 11:03 AM IST] [TASK] Market Intelligence scan starting...
[2026-04-07 11:03 AM IST] [TASK] Market update — cooldown active, skipped alert
[2026-04-07 11:03 AM IST] [TASK] Competitor watch scan...
[2026-04-07 11:04 AM IST] [TASK] Content ideation scan...
[2026-04-07 11:05 AM IST] [TASK] Market Intelligence scan starting...
[2026-04-07 11:05 AM IST] [TASK] Market update — cooldown active, skipped alert
[2026-04-07 11:06 AM IST] [TASK] Strategic insight scan...
[2026-04-07 11:07 AM IST] [TASK] Content ideation scan...
[2026-04-07 11:07 AM IST] [TASK] Market Intelligence scan starting...
[2026-04-07 11:07 AM IST] [TASK] Market update — cooldown active, skipped alert
[2026-04-07 11:07 AM IST] [TASK] Competitor watch scan...
[2026-04-07 11:10 AM IST] [TASK] Market Intelligence scan starting...
[2026-04-07 11:10 AM IST] [TASK] Market update — cooldown active, skipped alert
[2026-04-07 11:10 AM IST] [TASK] Content ideation scan...
[2026-04-07 11:12 AM IST] [TASK] Market Intelligence scan starting...
[2026-04-07 11:12 AM IST] [TASK] Market update — cooldown active, skipped alert
[2026-04-07 11:12 AM IST] [TASK] Competitor watch scan...
[2026-04-07 11:12 AM IST] [TASK] Strategic insight scan...
[2026-04-07 11:14 AM IST] [TASK] Content ideation scan...
[2026-04-07 11:14 AM IST] [TASK] Market Intelligence scan starting...
[2026-04-07 11:14 AM IST] [TASK] Market update — cooldown active, skipped alert
[2026-04-07 11:16 AM IST] [TASK] Market Intelligence scan starting...
[2026-04-07 11:16 AM IST] [TASK] Market update — cooldown active, skipped alert
[2026-04-07 11:16 AM IST] [TASK] Competitor watch scan...
[2026-04-07 11:17 AM IST] [TASK] Content ideation scan...
[2026-04-07 11:18 AM IST] [TASK] Market Intelligence scan starting...
[2026-04-07 11:18 AM IST] [TASK] Market update — cooldown active, skipped alert
[2026-04-07 11:19 AM IST] [TASK] Strategic insight scan...
[2026-04-07 11:20 AM IST] [TASK] Content ideation scan...
[2026-04-07 11:21 AM IST] [TASK] Market Intelligence scan starting...
[2026-04-07 11:21 AM IST] [TASK] Market update — cooldown active, skipped alert
[2026-04-07 11:21 AM IST] [TASK] Competitor watch scan...
[2026-04-07 11:23 AM IST] [TASK] Market Intelligence scan starting...
[2026-04-07 11:23 AM IST] [TASK] Market update — cooldown active, skipped alert
[2026-04-07 11:23 AM IST] [TASK] Content ideation scan...
[2026-04-07 11:25 AM IST] [TASK] Market Intelligence scan starting...
[2026-04-07 11:25 AM IST] [TASK] Market update — cooldown active, skipped alert
[2026-04-07 11:25 AM IST] [TASK] Competitor watch scan...
[2026-04-07 11:26 AM IST] [TASK] Strategic insight scan...
[2026-04-07 11:27 AM IST] [TASK] Content ideation scan...
[2026-04-07 11:27 AM IST] [TASK] Market Intelligence scan starting...
[2026-04-07 11:27 AM IST] [TASK] Market update — cooldown active, skipped alert
[2026-04-07 11:29 AM IST] [TASK] Market Intelligence scan starting...
[2026-04-07 11:29 AM IST] [TASK] Market update — cooldown active, skipped alert
[2026-04-07 11:29 AM IST] [TASK] Competitor watch scan...
[2026-04-07 11:30 AM IST] [TASK] Content ideation scan...
[2026-04-07 11:32 AM IST] [TASK] Market Intelligence scan starting...
[2026-04-07 11:32 AM IST] [ALERT] Market intelligence alert sent
[2026-04-07 11:32 AM IST] [TASK] Strategic insight scan...
[2026-04-07 11:33 AM IST] [TASK] Content ideation scan...
[2026-04-07 11:34 AM IST] [TASK] Market Intelligence scan starting...
[2026-04-07 11:34 AM IST] [TASK] Market update — cooldown active, skipped alert
[2026-04-07 11:34 AM IST] [TASK] Competitor watch scan...
[2026-04-07 11:34 AM IST] [ALERT] Competitor alert sent
[2026-04-07 11:36 AM IST] [TASK] Market Intelligence scan starting...
[2026-04-07 11:36 AM IST] [TASK] Market update — cooldown active, skipped alert
[2026-04-07 11:37 AM IST] [TASK] Content ideation scan...
[2026-04-07 11:38 AM IST] [TASK] Market Intelligence scan starting...
[2026-04-07 11:38 AM IST] [TASK] Market update — cooldown active, skipped alert
[2026-04-07 11:38 AM IST] [TASK] Competitor watch scan...
[2026-04-07 11:39 AM IST] [TASK] Strategic insight scan...
[2026-04-07 11:40 AM IST] [TASK] Content ideation scan...
[2026-04-07 11:40 AM IST] [TASK] Market Intelligence scan starting...
[2026-04-07 11:41 AM IST] [TASK] Market update — cooldown active, skipped alert
[2026-04-07 11:43 AM IST] [TASK] Market Intelligence scan starting...
[2026-04-07 11:43 AM IST] [TASK] Market update — cooldown active, skipped alert
[2026-04-07 11:43 AM IST] [TASK] Competitor watch scan...
[2026-04-07 11:43 AM IST] [TASK] Content ideation scan...
[2026-04-07 11:45 AM IST] [TASK] Market Intelligence scan starting...
[2026-04-07 11:45 AM IST] [TASK] Market update — cooldown active, skipped alert
[2026-04-07 11:45 AM IST] [TASK] Strategic insight scan...
[2026-04-07 11:46 AM IST] [TASK] Content ideation scan...
[2026-04-07 11:47 AM IST] [TASK] Market Intelligence scan starting...
[2026-04-07 11:47 AM IST] [TASK] Market update — cooldown active, skipped alert
[2026-04-07 11:47 AM IST] [TASK] Competitor watch scan...
[2026-04-07 11:49 AM IST] [TASK] Market Intelligence scan starting...
[2026-04-07 11:49 AM IST] [TASK] Market update — cooldown active, skipped alert
[2026-04-07 11:50 AM IST] [TASK] Content ideation scan...
[2026-04-07 11:51 AM IST] [TASK] Market Intelligence scan starting...
[2026-04-07 11:51 AM IST] [TASK] Market update — cooldown active, skipped alert
[2026-04-07 11:51 AM IST] [TASK] Competitor watch scan...
[2026-04-07 11:52 AM IST] [TASK] Strategic insight scan...
[2026-04-07 11:53 AM IST] [TASK] Content ideation scan...
[2026-04-07 11:54 AM IST] [TASK] Market Intelligence scan starting...
[2026-04-07 11:54 AM IST] [TASK] Market update — cooldown active, skipped alert
[2026-04-07 11:56 AM IST] [TASK] Market Intelligence scan starting...
[2026-04-07 11:56 AM IST] [TASK] Market update — cooldown active, skipped alert
[2026-04-07 11:56 AM IST] [TASK] Competitor watch scan...
[2026-04-07 11:56 AM IST] [TASK] Content ideation scan...
[2026-04-07 11:58 AM IST] [TASK] Strategic insight scan...
[2026-04-07 11:58 AM IST] [TASK] Market Intelligence scan starting...
[2026-04-07 11:58 AM IST] [TASK] Market update — cooldown active, skipped alert
[2026-04-07 12:00 PM IST] [TASK] Content ideation scan...
[2026-04-07 12:00 PM IST] [TASK] Market Intelligence scan starting...
[2026-04-07 12:00 PM IST] [TASK] Market update — cooldown active, skipped alert
[2026-04-07 12:00 PM IST] [TASK] Competitor watch scan...
[2026-04-07 12:02 PM IST] [TASK] Market Intelligence scan starting...
[2026-04-07 12:03 PM IST] [TASK] Market update — cooldown active, skipped alert
[2026-04-07 12:03 PM IST] [TASK] Content ideation scan...
[2026-04-07 12:04 PM IST] [TASK] Strategic insight scan...
[2026-04-07 12:05 PM IST] [TASK] Market Intelligence scan starting...
[2026-04-07 12:05 PM IST] [TASK] Market update — cooldown active, skipped alert
[2026-04-07 12:05 PM IST] [TASK] Competitor watch scan...
[2026-04-07 12:06 PM IST] [TASK] Content ideation scan...
[2026-04-07 12:07 PM IST] [TASK] Market Intelligence scan starting...
[2026-04-07 12:07 PM IST] [TASK] Market update — cooldown active, skipped alert
[2026-04-07 12:09 PM IST] [TASK] Market Intelligence scan starting...
[2026-04-07 12:09 PM IST] [TASK] Market update — cooldown active, skipped alert
[2026-04-07 12:09 PM IST] [TASK] Competitor watch scan...
[2026-04-07 12:10 PM IST] [TASK] Content ideation scan...
[2026-04-07 12:10 PM IST] [TASK] Strategic insight scan...
[2026-04-07 12:11 PM IST] [TASK] Market Intelligence scan starting...
[2026-04-07 12:11 PM IST] [TASK] Market update — cooldown active, skipped alert
[2026-04-07 12:13 PM IST] [TASK] Content ideation scan...
[2026-04-07 12:14 PM IST] [TASK] Market Intelligence scan starting...
[2026-04-07 12:14 PM IST] [TASK] Market update — cooldown active, skipped alert
[2026-04-07 12:14 PM IST] [TASK] Competitor watch scan...
[2026-04-07 12:16 PM IST] [TASK] Market Intelligence scan starting...
[2026-04-07 12:16 PM IST] [TASK] Market update — cooldown active, skipped alert
[2026-04-07 12:16 PM IST] [TASK] Content ideation scan...
[2026-04-07 12:16 PM IST] [TASK] Strategic insight scan...
[2026-04-07 12:18 PM IST] [TASK] Market Intelligence scan starting...
[2026-04-07 12:18 PM IST] [TASK] Market update — cooldown active, skipped alert
[2026-04-07 12:18 PM IST] [TASK] Competitor watch scan...
[2026-04-07 12:20 PM IST] [TASK] Content ideation scan...
[2026-04-07 12:20 PM IST] [TASK] Market Intelligence scan starting...
[2026-04-07 12:20 PM IST] [TASK] Market update — cooldown active, skipped alert
[2026-04-07 12:22 PM IST] [TASK] Market Intelligence scan starting...
[2026-04-07 12:22 PM IST] [TASK] Market update — cooldown active, skipped alert
[2026-04-07 12:22 PM IST] [TASK] Competitor watch scan...
[2026-04-07 12:23 PM IST] [TASK] Content ideation scan...
[2026-04-07 12:23 PM IST] [TASK] Strategic insight scan...
[2026-04-07 12:25 PM IST] [TASK] Market Intelligence scan starting...
[2026-04-07 12:25 PM IST] [TASK] Market update — cooldown active, skipped alert
[2026-04-07 12:26 PM IST] [TASK] Content ideation scan...
[2026-04-07 12:27 PM IST] [TASK] Market Intelligence scan starting...
[2026-04-07 12:27 PM IST] [TASK] Market update — cooldown active, skipped alert
[2026-04-07 12:27 PM IST] [TASK] Competitor watch scan...
[2026-04-07 12:29 PM IST] [TASK] Market Intelligence scan starting...
[2026-04-07 12:29 PM IST] [TASK] Market update — cooldown active, skipped alert
[2026-04-07 12:29 PM IST] [TASK] Strategic insight scan...
[2026-04-07 12:30 PM IST] [TASK] Content ideation scan...
[2026-04-07 12:31 PM IST] [TASK] Market Intelligence scan starting...
[2026-04-07 12:31 PM IST] [ALERT] Market intelligence alert sent
[2026-04-07 12:31 PM IST] [TASK] Competitor watch scan...
[2026-04-07 12:31 PM IST] [ALERT] Competitor alert sent
[2026-04-07 12:33 PM IST] [TASK] Content ideation scan...
[2026-04-07 12:33 PM IST] [TASK] Market Intelligence scan starting...
[2026-04-07 12:33 PM IST] [TASK] Market update — cooldown active, skipped alert
[2026-04-07 12:35 PM IST] [TASK] Strategic insight scan...
[2026-04-07 12:36 PM IST] [TASK] Market Intelligence scan starting...
[2026-04-07 12:36 PM IST] [TASK] Market update — cooldown active, skipped alert
[2026-04-07 12:36 PM IST] [TASK] Competitor watch scan...
[2026-04-07 12:36 PM IST] [TASK] Content ideation scan...
[2026-04-07 12:38 PM IST] [TASK] Market Intelligence scan starting...
[2026-04-07 12:38 PM IST] [TASK] Market update — cooldown active, skipped alert
[2026-04-07 12:39 PM IST] [TASK] Content ideation scan...
[2026-04-07 12:40 PM IST] [TASK] Market Intelligence scan starting...
[2026-04-07 12:40 PM IST] [TASK] Market update — cooldown active, skipped alert
[2026-04-07 12:40 PM IST] [TASK] Competitor watch scan...
[2026-04-07 12:41 PM IST] [TASK] Strategic insight scan...
[2026-04-07 12:42 PM IST] [TASK] Market Intelligence scan starting...
[2026-04-07 12:42 PM IST] [TASK] Market update — cooldown active, skipped alert
[2026-04-07 12:43 PM IST] [TASK] Content ideation scan...
[2026-04-07 12:44 PM IST] [TASK] Market Intelligence scan starting...
[2026-04-07 12:44 PM IST] [TASK] Market update — cooldown active, skipped alert
[2026-04-07 12:44 PM IST] [TASK] Competitor watch scan...
[2026-04-07 12:46 PM IST] [TASK] Content ideation scan...
[2026-04-07 12:47 PM IST] [TASK] Market Intelligence scan starting...
[2026-04-07 12:47 PM IST] [TASK] Market update — cooldown active, skipped alert
[2026-04-07 12:47 PM IST] [TASK] Strategic insight scan...
[2026-04-07 12:49 PM IST] [TASK] Market Intelligence scan starting...
[2026-04-07 12:49 PM IST] [TASK] Market update — cooldown active, skipped alert
[2026-04-07 12:49 PM IST] [TASK] Competitor watch scan...
[2026-04-07 12:49 PM IST] [TASK] Content ideation scan...
[2026-04-07 12:51 PM IST] [TASK] Market Intelligence scan starting...
[2026-04-07 12:51 PM IST] [TASK] Market update — cooldown active, skipped alert
[2026-04-07 12:53 PM IST] [TASK] Content ideation scan...
[2026-04-07 12:53 PM IST] [TASK] Market Intelligence scan starting...
[2026-04-07 12:53 PM IST] [TASK] Market update — cooldown active, skipped alert
[2026-04-07 12:53 PM IST] [TASK] Competitor watch scan...
[2026-04-07 12:54 PM IST] [TASK] Strategic insight scan...
[2026-04-07 12:55 PM IST] [TASK] Market Intelligence scan starting...
[2026-04-07 12:55 PM IST] [TASK] Market update — cooldown active, skipped alert
[2026-04-07 12:56 PM IST] [TASK] Content ideation scan...
[2026-04-07 12:58 PM IST] [TASK] Market Intelligence scan starting...
[2026-04-07 12:58 PM IST] [TASK] Market update — cooldown active, skipped alert
[2026-04-07 12:58 PM IST] [TASK] Competitor watch scan...
[2026-04-07 12:59 PM IST] [TASK] Content ideation scan...
[2026-04-07 01:00 PM IST] [TASK] Market Intelligence scan starting...
[2026-04-07 01:00 PM IST] [TASK] Market update — cooldown active, skipped alert
[2026-04-07 01:00 PM IST] [TASK] Strategic insight scan...
[2026-04-07 01:02 PM IST] [TASK] Market Intelligence scan starting...
[2026-04-07 01:02 PM IST] [TASK] Market update — cooldown active, skipped alert
[2026-04-07 01:02 PM IST] [TASK] Competitor watch scan...
[2026-04-07 01:03 PM IST] [TASK] Content ideation scan...
[2026-04-07 01:04 PM IST] [TASK] Market Intelligence scan starting...
[2026-04-07 01:04 PM IST] [TASK] Market update — cooldown active, skipped alert
[2026-04-07 01:06 PM IST] [TASK] Content ideation scan...
[2026-04-07 01:06 PM IST] [TASK] Market Intelligence scan starting...
[2026-04-07 01:06 PM IST] [TASK] Market update — cooldown active, skipped alert
[2026-04-07 01:06 PM IST] [TASK] Competitor watch scan...
[2026-04-07 01:07 PM IST] [TASK] Strategic insight scan...
[2026-04-07 01:09 PM IST] [TASK] Market Intelligence scan starting...
[2026-04-07 01:09 PM IST] [TASK] Market update — cooldown active, skipped alert
[2026-04-07 01:09 PM IST] [TASK] Content ideation scan...
[2026-04-07 01:11 PM IST] [TASK] Market Intelligence scan starting...
[2026-04-07 01:11 PM IST] [TASK] Market update — cooldown active, skipped alert
[2026-04-07 01:11 PM IST] [TASK] Competitor watch scan...
[2026-04-07 01:13 PM IST] [TASK] Content ideation scan...
[2026-04-07 01:13 PM IST] [TASK] Strategic insight scan...
[2026-04-07 01:13 PM IST] [TASK] Market Intelligence scan starting...
[2026-04-07 01:13 PM IST] [TASK] Market update — cooldown active, skipped alert
[2026-04-07 01:15 PM IST] [TASK] Market Intelligence scan starting...
[2026-04-07 01:15 PM IST] [TASK] Market update — cooldown active, skipped alert
[2026-04-07 01:15 PM IST] [TASK] Competitor watch scan...
[2026-04-07 01:16 PM IST] [TASK] Content ideation scan...
[2026-04-07 01:18 PM IST] [TASK] Market Intelligence scan starting...
[2026-04-07 01:18 PM IST] [TASK] Market update — cooldown active, skipped alert
[2026-04-07 01:19 PM IST] [TASK] Strategic insight scan...
[2026-04-07 01:19 PM IST] [TASK] Content ideation scan...
[2026-04-07 01:20 PM IST] [TASK] Market Intelligence scan starting...
[2026-04-07 01:20 PM IST] [TASK] Market update — cooldown active, skipped alert
[2026-04-07 01:20 PM IST] [TASK] Competitor watch scan...
[2026-04-07 01:22 PM IST] [TASK] Market Intelligence scan starting...
[2026-04-07 01:22 PM IST] [TASK] Market update — cooldown active, skipped alert
[2026-04-07 01:23 PM IST] [TASK] Content ideation scan...
[2026-04-07 01:24 PM IST] [TASK] Market Intelligence scan starting...
[2026-04-07 01:24 PM IST] [TASK] Market update — cooldown active, skipped alert
[2026-04-07 01:24 PM IST] [TASK] Competitor watch scan...
[2026-04-07 01:25 PM IST] [TASK] Strategic insight scan...
[2026-04-07 01:26 PM IST] [TASK] Content ideation scan...
[2026-04-07 01:27 PM IST] [TASK] Market Intelligence scan starting...
[2026-04-07 01:27 PM IST] [TASK] Market update — cooldown active, skipped alert
[2026-04-07 01:29 PM IST] [TASK] Market Intelligence scan starting...
[2026-04-07 01:29 PM IST] [TASK] Market update — cooldown active, skipped alert
[2026-04-07 01:29 PM IST] [TASK] Competitor watch scan...
[2026-04-07 01:29 PM IST] [TASK] Content ideation scan...
[2026-04-07 01:31 PM IST] [TASK] Market Intelligence scan starting...
[2026-04-07 01:31 PM IST] [ALERT] Market intelligence alert sent
[2026-04-07 01:32 PM IST] [TASK] Strategic insight scan...
[2026-04-07 01:33 PM IST] [TASK] Content ideation scan...
[2026-04-07 01:33 PM IST] [TASK] Market Intelligence scan starting...
[2026-04-07 01:33 PM IST] [TASK] Market update — cooldown active, skipped alert
[2026-04-07 01:33 PM IST] [TASK] Competitor watch scan...
[2026-04-07 01:33 PM IST] [ALERT] Competitor alert sent
[2026-04-07 01:35 PM IST] [TASK] Market Intelligence scan starting...
[2026-04-07 01:35 PM IST] [TASK] Market update — cooldown active, skipped alert
[2026-04-07 01:36 PM IST] [TASK] Content ideation scan...
[2026-04-07 01:37 PM IST] [TASK] Market Intelligence scan starting...
[2026-04-07 01:38 PM IST] [TASK] Market update — cooldown active, skipped alert
[2026-04-07 01:38 PM IST] [TASK] Competitor watch scan...
[2026-04-07 01:38 PM IST] [TASK] Strategic insight scan...
[2026-04-07 01:39 PM IST] [TASK] Content ideation scan...
[2026-04-07 01:40 PM IST] [TASK] Market Intelligence scan starting...
[2026-04-07 01:40 PM IST] [TASK] Market update — cooldown active, skipped alert
[2026-04-07 01:42 PM IST] [TASK] Market Intelligence scan starting...
[2026-04-07 01:42 PM IST] [TASK] Market update — cooldown active, skipped alert
[2026-04-07 01:42 PM IST] [TASK] Competitor watch scan...
[2026-04-07 01:43 PM IST] [TASK] Content ideation scan...
[2026-04-07 01:44 PM IST] [TASK] Market Intelligence scan starting...
[2026-04-07 01:44 PM IST] [TASK] Market update — cooldown active, skipped alert
[2026-04-07 01:44 PM IST] [TASK] Strategic insight scan...
[2026-04-07 01:46 PM IST] [TASK] Content ideation scan...
[2026-04-07 01:46 PM IST] [TASK] Market Intelligence scan starting...
[2026-04-07 01:47 PM IST] [TASK] Market update — cooldown active, skipped alert
[2026-04-07 01:47 PM IST] [TASK] Competitor watch scan...
[2026-04-07 01:49 PM IST] [TASK] Market Intelligence scan starting...
[2026-04-07 01:49 PM IST] [TASK] Market update — cooldown active, skipped alert
[2026-04-07 01:49 PM IST] [TASK] Content ideation scan...
[2026-04-07 01:50 PM IST] [TASK] Strategic insight scan...
[2026-04-07 01:51 PM IST] [TASK] Market Intelligence scan starting...
[2026-04-07 01:51 PM IST] [TASK] Market update — cooldown active, skipped alert
[2026-04-07 01:51 PM IST] [TASK] Competitor watch scan...
[2026-04-07 01:53 PM IST] [TASK] Content ideation scan...
[2026-04-07 01:53 PM IST] [TASK] Market Intelligence scan starting...
[2026-04-07 01:53 PM IST] [TASK] Market update — cooldown active, skipped alert
[2026-04-07 01:55 PM IST] [TASK] Market Intelligence scan starting...
[2026-04-07 01:55 PM IST] [TASK] Market update — cooldown active, skipped alert
[2026-04-07 01:55 PM IST] [TASK] Competitor watch scan...
[2026-04-07 01:56 PM IST] [TASK] Content ideation scan...
[2026-04-07 01:56 PM IST] [TASK] Strategic insight scan...
[2026-04-07 01:58 PM IST] [TASK] Market Intelligence scan starting...
[2026-04-07 01:58 PM IST] [TASK] Market update — cooldown active, skipped alert
[2026-04-07 01:59 PM IST] [TASK] Content ideation scan...
[2026-04-07 02:00 PM IST] [TASK] Market Intelligence scan starting...
[2026-04-07 02:00 PM IST] [TASK] Market update — cooldown active, skipped alert
[2026-04-07 02:00 PM IST] [TASK] Competitor watch scan...
[2026-04-07 02:02 PM IST] [TASK] Market Intelligence scan starting...
[2026-04-07 02:02 PM IST] [TASK] Market update — cooldown active, skipped alert
[2026-04-07 02:02 PM IST] [TASK] Content ideation scan...
[2026-04-07 02:03 PM IST] [TASK] Strategic insight scan...
[2026-04-07 02:04 PM IST] [TASK] Market Intelligence scan starting...
[2026-04-07 02:04 PM IST] [TASK] Market update — cooldown active, skipped alert
[2026-04-07 02:04 PM IST] [TASK] Competitor watch scan...
[2026-04-07 02:06 PM IST] [TASK] Content ideation scan...
[2026-04-07 02:06 PM IST] [TASK] Market Intelligence scan starting...
[2026-04-07 02:06 PM IST] [TASK] Market update — cooldown active, skipped alert
[2026-04-07 02:08 PM IST] [TASK] Market Intelligence scan starting...
[2026-04-07 02:09 PM IST] [TASK] Market update — cooldown active, skipped alert
[2026-04-07 02:09 PM IST] [TASK] Competitor watch scan...
[2026-04-07 02:09 PM IST] [TASK] Content ideation scan...
[2026-04-07 02:09 PM IST] [TASK] Strategic insight scan...
[2026-04-07 02:11 PM IST] [TASK] Market Intelligence scan starting...
[2026-04-07 02:11 PM IST] [TASK] Market update — cooldown active, skipped alert
[2026-04-07 02:12 PM IST] [TASK] Content ideation scan...
[2026-04-07 02:13 PM IST] [TASK] Market Intelligence scan starting...
[2026-04-07 02:13 PM IST] [TASK] Market update — cooldown active, skipped alert
[2026-04-07 02:13 PM IST] [TASK] Competitor watch scan...
[2026-04-07 02:15 PM IST] [TASK] Market Intelligence scan starting...
[2026-04-07 02:15 PM IST] [TASK] Market update — cooldown active, skipped alert
[2026-04-07 02:15 PM IST] [TASK] Strategic insight scan...
[2026-04-07 02:16 PM IST] [TASK] Content ideation scan...
[2026-04-07 02:17 PM IST] [TASK] Market Intelligence scan starting...
[2026-04-07 02:17 PM IST] [TASK] Market update — cooldown active, skipped alert
[2026-04-07 02:17 PM IST] [TASK] Competitor watch scan...
[2026-04-07 02:19 PM IST] [TASK] Content ideation scan...
[2026-04-07 02:20 PM IST] [TASK] Market Intelligence scan starting...
[2026-04-07 02:20 PM IST] [TASK] Market update — cooldown active, skipped alert
[2026-04-07 02:21 PM IST] [TASK] Strategic insight scan...
[2026-04-07 02:22 PM IST] [TASK] Market Intelligence scan starting...
[2026-04-07 02:22 PM IST] [TASK] Market update — cooldown active, skipped alert
[2026-04-07 02:22 PM IST] [TASK] Competitor watch scan...
[2026-04-07 02:22 PM IST] [TASK] Content ideation scan...
[2026-04-07 02:24 PM IST] [TASK] Market Intelligence scan starting...
[2026-04-07 02:24 PM IST] [TASK] Market update — cooldown active, skipped alert
[2026-04-07 02:26 PM IST] [TASK] Content ideation scan...
[2026-04-07 02:26 PM IST] [TASK] Market Intelligence scan starting...
[2026-04-07 02:26 PM IST] [TASK] Market update — cooldown active, skipped alert
[2026-04-07 02:26 PM IST] [TASK] Competitor watch scan...
[2026-04-07 02:27 PM IST] [TASK] Strategic insight scan...
[2026-04-07 02:28 PM IST] [TASK] Market Intelligence scan starting...
[2026-04-07 02:29 PM IST] [TASK] Market update — cooldown active, skipped alert
[2026-04-07 02:29 PM IST] [TASK] Content ideation scan...
[2026-04-07 02:31 PM IST] [TASK] Market Intelligence scan starting...
[2026-04-07 02:31 PM IST] [ALERT] Market intelligence alert sent
[2026-04-07 02:31 PM IST] [TASK] Competitor watch scan...
[2026-04-07 02:31 PM IST] [TELEGRAM] Failed to send: HTTP Error 400: Bad Request
[2026-04-07 02:31 PM IST] [ALERT] Competitor alert sent
[2026-04-07 02:32 PM IST] [TASK] Content ideation scan...
[2026-04-07 02:33 PM IST] [TASK] Market Intelligence scan starting...
[2026-04-07 02:33 PM IST] [TASK] Market update — cooldown active, skipped alert
[2026-04-07 02:33 PM IST] [TASK] Strategic insight scan...
[2026-04-07 02:35 PM IST] [TASK] Market Intelligence scan starting...
[2026-04-07 02:35 PM IST] [TASK] Market update — cooldown active, skipped alert
[2026-04-07 02:35 PM IST] [TASK] Competitor watch scan...
[2026-04-07 02:36 PM IST] [TASK] Content ideation scan...
[2026-04-07 02:37 PM IST] [TASK] Market Intelligence scan starting...
[2026-04-07 02:38 PM IST] [TASK] Market update — cooldown active, skipped alert
[2026-04-07 02:39 PM IST] [TASK] Content ideation scan...
[2026-04-07 02:39 PM IST] [TASK] Competitor watch scan...
[2026-04-07 02:40 PM IST] [TASK] Market Intelligence scan starting...
[2026-04-07 02:40 PM IST] [TASK] Market update — cooldown active, skipped alert
[2026-04-07 02:40 PM IST] [TASK] Strategic insight scan...
[2026-04-07 02:42 PM IST] [TASK] Market Intelligence scan starting...
[2026-04-07 02:42 PM IST] [TASK] Market update — cooldown active, skipped alert
[2026-04-07 02:43 PM IST] [TASK] Content ideation scan...
[2026-04-07 02:43 PM IST] [TASK] Competitor watch scan...
[2026-04-07 02:44 PM IST] [TASK] Market Intelligence scan starting...
[2026-04-07 02:44 PM IST] [TASK] Market update — cooldown active, skipped alert
[2026-04-07 02:46 PM IST] [TASK] Content ideation scan...
[2026-04-07 02:46 PM IST] [TASK] Market Intelligence scan starting...
[2026-04-07 02:47 PM IST] [TASK] Market update — cooldown active, skipped alert
[2026-04-07 02:47 PM IST] [TASK] Strategic insight scan...
[2026-04-07 02:48 PM IST] [TASK] Competitor watch scan...
[2026-04-07 02:49 PM IST] [TASK] Market Intelligence scan starting...
[2026-04-07 02:49 PM IST] [TASK] Market update — cooldown active, skipped alert
[2026-04-07 02:49 PM IST] [TASK] Content ideation scan...
[2026-04-07 02:51 PM IST] [TASK] Market Intelligence scan starting...
[2026-04-07 02:51 PM IST] [TASK] Market update — cooldown active, skipped alert
[2026-04-07 02:52 PM IST] [TASK] Competitor watch scan...
[2026-04-07 02:53 PM IST] [TASK] Content ideation scan...
[2026-04-07 02:53 PM IST] [TASK] Strategic insight scan...
[2026-04-07 02:53 PM IST] [TASK] Market Intelligence scan starting...
[2026-04-07 02:53 PM IST] [TASK] Market update — cooldown active, skipped alert
[2026-04-07 02:55 PM IST] [TASK] Market Intelligence scan starting...
[2026-04-07 02:55 PM IST] [TASK] Market update — cooldown active, skipped alert
[2026-04-07 02:56 PM IST] [TASK] Content ideation scan...
[2026-04-07 02:56 PM IST] [TASK] Competitor watch scan...
[2026-04-07 02:58 PM IST] [TASK] Market Intelligence scan starting...
[2026-04-07 02:58 PM IST] [TASK] Market update — cooldown active, skipped alert
[2026-04-07 02:59 PM IST] [TASK] Strategic insight scan...
[2026-04-07 02:59 PM IST] [TASK] Content ideation scan...
[2026-04-07 03:00 PM IST] [TASK] Market Intelligence scan starting...
[2026-04-07 03:00 PM IST] [TASK] Market update — cooldown active, skipped alert
[2026-04-07 03:01 PM IST] [TASK] Competitor watch scan...
[2026-04-07 03:02 PM IST] [TASK] Market Intelligence scan starting...
[2026-04-07 03:02 PM IST] [TASK] Market update — cooldown active, skipped alert
[2026-04-07 03:03 PM IST] [TASK] Content ideation scan...
[2026-04-07 03:04 PM IST] [TASK] Market Intelligence scan starting...
[2026-04-07 03:04 PM IST] [TASK] Market update — cooldown active, skipped alert
[2026-04-07 03:05 PM IST] [TASK] Strategic insight scan...
[2026-04-07 03:05 PM IST] [TASK] Competitor watch scan...
[2026-04-07 03:06 PM IST] [TASK] Content ideation scan...
[2026-04-07 03:07 PM IST] [TASK] Market Intelligence scan starting...
[2026-04-07 03:07 PM IST] [TASK] Market update — cooldown active, skipped alert
[2026-04-07 03:09 PM IST] [TASK] Market Intelligence scan starting...
[2026-04-07 03:09 PM IST] [TASK] Market update — cooldown active, skipped alert
[2026-04-07 03:09 PM IST] [TASK] Content ideation scan...
[2026-04-07 03:10 PM IST] [TASK] Competitor watch scan...
[2026-04-07 03:11 PM IST] [TASK] Market Intelligence scan starting...
[2026-04-07 03:11 PM IST] [TASK] Market update — cooldown active, skipped alert
[2026-04-07 03:11 PM IST] [TASK] Strategic insight scan...
[2026-04-07 03:13 PM IST] [TASK] Content ideation scan...
[2026-04-07 03:13 PM IST] [TASK] Market Intelligence scan starting...
[2026-04-07 03:13 PM IST] [TASK] Market update — cooldown active, skipped alert
[2026-04-07 03:14 PM IST] [TASK] Competitor watch scan...
[2026-04-07 03:16 PM IST] [TASK] Market Intelligence scan starting...
[2026-04-07 03:16 PM IST] [TASK] Market update — cooldown active, skipped alert
[2026-04-07 03:16 PM IST] [TASK] Content ideation scan...
[2026-04-07 03:17 PM IST] [TASK] Strategic insight scan...
[2026-04-07 03:18 PM IST] [TASK] Market Intelligence scan starting...
[2026-04-07 03:18 PM IST] [TASK] Market update — cooldown active, skipped alert
[2026-04-07 03:18 PM IST] [TASK] Competitor watch scan...
[2026-04-07 03:20 PM IST] [TASK] Content ideation scan...
[2026-04-07 03:20 PM IST] [TASK] Market Intelligence scan starting...
[2026-04-07 03:20 PM IST] [TASK] Market update — cooldown active, skipped alert
[2026-04-07 03:22 PM IST] [TASK] Market Intelligence scan starting...
[2026-04-07 03:22 PM IST] [TASK] Market update — cooldown active, skipped alert
[2026-04-07 03:23 PM IST] [TASK] Content ideation scan...
[2026-04-07 03:23 PM IST] [TASK] Competitor watch scan...
[2026-04-07 03:23 PM IST] [TASK] Strategic insight scan...
[2026-04-07 03:25 PM IST] [TASK] Market Intelligence scan starting...
[2026-04-07 03:25 PM IST] [TASK] Market update — cooldown active, skipped alert
[2026-04-07 03:26 PM IST] [TASK] Content ideation scan...
[2026-04-07 03:27 PM IST] [TASK] Market Intelligence scan starting...
[2026-04-07 03:27 PM IST] [TASK] Market update — cooldown active, skipped alert
[2026-04-07 03:27 PM IST] [TASK] Competitor watch scan...
[2026-04-07 03:29 PM IST] [TASK] Market Intelligence scan starting...
[2026-04-07 03:29 PM IST] [TASK] Market update — cooldown active, skipped alert
[2026-04-07 03:29 PM IST] [TASK] Content ideation scan...
[2026-04-07 03:30 PM IST] [TASK] Strategic insight scan...
[2026-04-07 03:31 PM IST] [TASK] Market Intelligence scan starting...
[2026-04-07 03:31 PM IST] [ALERT] Market intelligence alert sent
[2026-04-07 03:32 PM IST] [TASK] Competitor watch scan...
[2026-04-07 03:32 PM IST] [ALERT] Competitor alert sent
[2026-04-07 03:33 PM IST] [TASK] Content ideation scan...
[2026-04-07 03:33 PM IST] [TASK] Market Intelligence scan starting...
[2026-04-07 03:33 PM IST] [TASK] Market update — cooldown active, skipped alert
[2026-04-07 03:35 PM IST] [TASK] Market Intelligence scan starting...
[2026-04-07 03:35 PM IST] [TASK] Market update — cooldown active, skipped alert
[2026-04-07 03:36 PM IST] [TASK] Content ideation scan...
[2026-04-07 03:36 PM IST] [TASK] Competitor watch scan...
[2026-04-07 03:37 PM IST] [TASK] Strategic insight scan...
[2026-04-07 03:38 PM IST] [TASK] Market Intelligence scan starting...
[2026-04-07 03:38 PM IST] [TASK] Market update — cooldown active, skipped alert
[2026-04-07 03:39 PM IST] [TASK] Content ideation scan...
[2026-04-07 03:40 PM IST] [TASK] Market Intelligence scan starting...
[2026-04-07 03:40 PM IST] [TASK] Market update — cooldown active, skipped alert
[2026-04-07 03:40 PM IST] [TASK] Competitor watch scan...
[2026-04-07 03:42 PM IST] [TASK] Market Intelligence scan starting...
[2026-04-07 03:42 PM IST] [TASK] Market update — cooldown active, skipped alert
[2026-04-07 03:43 PM IST] [TASK] Content ideation scan...
[2026-04-07 03:43 PM IST] [TASK] Strategic insight scan...
[2026-04-07 03:44 PM IST] [TASK] Market Intelligence scan starting...
[2026-04-07 03:44 PM IST] [TASK] Market update — cooldown active, skipped alert
[2026-04-07 03:45 PM IST] [TASK] Competitor watch scan...
[2026-04-07 03:46 PM IST] [TASK] Content ideation scan...
[2026-04-07 03:47 PM IST] [TASK] Market Intelligence scan starting...
[2026-04-07 03:47 PM IST] [TASK] Market update — cooldown active, skipped alert
[2026-04-07 03:49 PM IST] [TASK] Market Intelligence scan starting...
[2026-04-07 03:49 PM IST] [TASK] Market update — cooldown active, skipped alert
[2026-04-07 03:49 PM IST] [TASK] Content ideation scan...
[2026-04-07 03:49 PM IST] [TASK] Competitor watch scan...
[2026-04-07 03:50 PM IST] [TASK] Strategic insight scan...
[2026-04-07 03:51 PM IST] [TASK] Market Intelligence scan starting...
[2026-04-07 03:51 PM IST] [TASK] Market update — cooldown active, skipped alert
[2026-04-07 03:53 PM IST] [TASK] Content ideation scan...
[2026-04-07 03:53 PM IST] [TASK] Market Intelligence scan starting...
[2026-04-07 03:53 PM IST] [TASK] Market update — cooldown active, skipped alert
[2026-04-07 03:54 PM IST] [TASK] Competitor watch scan...
[2026-04-07 03:56 PM IST] [TASK] Market Intelligence scan starting...
[2026-04-07 03:56 PM IST] [TASK] Market update — cooldown active, skipped alert
[2026-04-07 03:56 PM IST] [TASK] Strategic insight scan...
[2026-04-07 03:56 PM IST] [TASK] Content ideation scan...
[2026-04-07 03:58 PM IST] [TASK] Market Intelligence scan starting...
[2026-04-07 03:58 PM IST] [TASK] Market update — cooldown active, skipped alert
[2026-04-07 03:58 PM IST] [TASK] Competitor watch scan...
[2026-04-07 03:59 PM IST] [TASK] Content ideation scan...
[2026-04-07 04:00 PM IST] [TASK] Market Intelligence scan starting...
[2026-04-07 04:00 PM IST] [TASK] Market update — cooldown active, skipped alert
[2026-04-07 04:02 PM IST] [TASK] Strategic insight scan...
[2026-04-07 04:02 PM IST] [TASK] Market Intelligence scan starting...
[2026-04-07 04:02 PM IST] [TASK] Market update — cooldown active, skipped alert
[2026-04-07 04:03 PM IST] [TASK] Content ideation scan...
[2026-04-07 04:03 PM IST] [MISTRAL] API error: HTTP Error 503: Service Unavailable
[2026-04-07 04:03 PM IST] [TASK] Competitor watch scan...
[2026-04-07 04:05 PM IST] [TASK] Market Intelligence scan starting...
[2026-04-07 04:05 PM IST] [TASK] Market update — cooldown active, skipped alert
[2026-04-07 04:06 PM IST] [TASK] Content ideation scan...
[2026-04-07 04:07 PM IST] [TASK] Market Intelligence scan starting...
[2026-04-07 04:07 PM IST] [TASK] Market update — cooldown active, skipped alert
[2026-04-07 04:07 PM IST] [TASK] Competitor watch scan...
[2026-04-07 04:08 PM IST] [TASK] Strategic insight scan...
[2026-04-07 04:09 PM IST] [TASK] Market Intelligence scan starting...
[2026-04-07 04:09 PM IST] [TASK] Market update — cooldown active, skipped alert
[2026-04-07 04:10 PM IST] [TASK] Content ideation scan...
[2026-04-07 04:11 PM IST] [TASK] Market Intelligence scan starting...
[2026-04-07 04:11 PM IST] [TASK] Market update — cooldown active, skipped alert
[2026-04-07 04:12 PM IST] [TASK] Competitor watch scan...
[2026-04-07 04:13 PM IST] [TASK] Content ideation scan...
[2026-04-07 04:14 PM IST] [TASK] Market Intelligence scan starting...
[2026-04-07 04:14 PM IST] [TASK] Market update — cooldown active, skipped alert
[2026-04-07 04:14 PM IST] [TASK] Strategic insight scan...
[2026-04-07 04:16 PM IST] [TASK] Market Intelligence scan starting...
[2026-04-07 04:16 PM IST] [TASK] Market update — cooldown active, skipped alert
[2026-04-07 04:16 PM IST] [TASK] Content ideation scan...
[2026-04-07 04:16 PM IST] [TASK] Competitor watch scan...
[2026-04-07 04:18 PM IST] [TASK] Market Intelligence scan starting...
[2026-04-07 04:18 PM IST] [TASK] Market update — cooldown active, skipped alert
[2026-04-07 04:20 PM IST] [TASK] Content ideation scan...
[2026-04-07 04:20 PM IST] [TASK] Market Intelligence scan starting...
[2026-04-07 04:20 PM IST] [TASK] Market update — cooldown active, skipped alert
[2026-04-07 04:20 PM IST] [TASK] Strategic insight scan...
[2026-04-07 04:21 PM IST] [TASK] Competitor watch scan...
[2026-04-07 04:22 PM IST] [TASK] Market Intelligence scan starting...
[2026-04-07 04:23 PM IST] [TASK] Market update — cooldown active, skipped alert
[2026-04-07 04:23 PM IST] [TASK] Content ideation scan...
[2026-04-07 04:25 PM IST] [TASK] Market Intelligence scan starting...
[2026-04-07 04:25 PM IST] [TASK] Market update — cooldown active, skipped alert
[2026-04-07 04:25 PM IST] [TASK] Competitor watch scan...
[2026-04-07 04:26 PM IST] [TASK] Content ideation scan...
[2026-04-07 04:26 PM IST] [TASK] Strategic insight scan...
[2026-04-07 04:27 PM IST] [TASK] Market Intelligence scan starting...
[2026-04-07 04:27 PM IST] [TASK] Market update — cooldown active, skipped alert
[2026-04-07 04:29 PM IST] [TASK] Market Intelligence scan starting...
[2026-04-07 04:29 PM IST] [TASK] Market update — cooldown active, skipped alert
[2026-04-07 04:30 PM IST] [TASK] Content ideation scan...
[2026-04-07 04:30 PM IST] [TASK] Competitor watch scan...
[2026-04-07 04:30 PM IST] [ALERT] Competitor alert sent
[2026-04-07 04:31 PM IST] [TASK] Market Intelligence scan starting...
[2026-04-07 04:31 PM IST] [ALERT] Market intelligence alert sent
[2026-04-07 04:32 PM IST] [TASK] Strategic insight scan...
[2026-04-07 04:33 PM IST] [TASK] Content ideation scan...
[2026-04-07 04:34 PM IST] [TASK] Market Intelligence scan starting...
[2026-04-07 04:34 PM IST] [TASK] Market update — cooldown active, skipped alert
[2026-04-07 04:34 PM IST] [TASK] Competitor watch scan...
[2026-04-07 04:36 PM IST] [TASK] Market Intelligence scan starting...
[2026-04-07 04:36 PM IST] [TASK] Market update — cooldown active, skipped alert
[2026-04-07 04:36 PM IST] [TASK] Content ideation scan...
[2026-04-07 04:38 PM IST] [TASK] Market Intelligence scan starting...
[2026-04-07 04:38 PM IST] [TASK] Market update — cooldown active, skipped alert
[2026-04-07 04:39 PM IST] [TASK] Competitor watch scan...
[2026-04-07 04:39 PM IST] [TASK] Strategic insight scan...
[2026-04-07 04:40 PM IST] [TASK] Content ideation scan...
[2026-04-07 04:40 PM IST] [TASK] Market Intelligence scan starting...
[2026-04-07 04:41 PM IST] [TASK] Market update — cooldown active, skipped alert
[2026-04-07 04:43 PM IST] [TASK] Market Intelligence scan starting...
[2026-04-07 04:43 PM IST] [TASK] Market update — cooldown active, skipped alert
[2026-04-07 04:43 PM IST] [TASK] Content ideation scan...
[2026-04-07 04:43 PM IST] [TASK] Competitor watch scan...
[2026-04-07 04:45 PM IST] [TASK] Market Intelligence scan starting...
[2026-04-07 04:45 PM IST] [TASK] Market update — cooldown active, skipped alert
[2026-04-07 04:45 PM IST] [TASK] Strategic insight scan...
[2026-04-07 04:46 PM IST] [TASK] Content ideation scan...
[2026-04-07 04:47 PM IST] [TASK] Market Intelligence scan starting...
[2026-04-07 04:47 PM IST] [TASK] Market update — cooldown active, skipped alert
[2026-04-07 04:48 PM IST] [TASK] Competitor watch scan...
[2026-04-07 04:49 PM IST] [TASK] Market Intelligence scan starting...
[2026-04-07 04:49 PM IST] [TASK] Market update — cooldown active, skipped alert
[2026-04-07 04:50 PM IST] [TASK] Content ideation scan...
[2026-04-07 04:51 PM IST] [TASK] Strategic insight scan...
[2026-04-07 04:52 PM IST] [TASK] Market Intelligence scan starting...
[2026-04-07 04:52 PM IST] [TASK] Market update — cooldown active, skipped alert
[2026-04-07 04:52 PM IST] [TASK] Competitor watch scan...
[2026-04-07 04:53 PM IST] [TASK] Content ideation scan...
[2026-04-07 04:54 PM IST] [TASK] Market Intelligence scan starting...
[2026-04-07 04:54 PM IST] [TASK] Market update — cooldown active, skipped alert
[2026-04-07 04:56 PM IST] [TASK] Market Intelligence scan starting...
[2026-04-07 04:56 PM IST] [TASK] Market update — cooldown active, skipped alert
[2026-04-07 04:56 PM IST] [TASK] Content ideation scan...
[2026-04-07 04:56 PM IST] [TASK] Competitor watch scan...
[2026-04-07 04:57 PM IST] [TASK] Strategic insight scan...
[2026-04-07 04:59 PM IST] [TASK] Market Intelligence scan starting...
[2026-04-07 04:59 PM IST] [TASK] Market update — cooldown active, skipped alert
[2026-04-07 05:00 PM IST] [TASK] Content ideation scan...
[2026-04-07 05:00 PM IST] [TASK] Competitor watch scan...
[2026-04-07 05:01 PM IST] [TASK] Market Intelligence scan starting...
[2026-04-07 05:01 PM IST] [TASK] Market update — cooldown active, skipped alert
[2026-04-07 05:03 PM IST] [TASK] Market Intelligence scan starting...
[2026-04-07 05:03 PM IST] [TASK] Market update — cooldown active, skipped alert
[2026-04-07 05:03 PM IST] [TASK] Content ideation scan...
[2026-04-07 05:04 PM IST] [TASK] Strategic insight scan...
[2026-04-07 05:04 PM IST] [TASK] Competitor watch scan...
[2026-04-07 05:05 PM IST] [TASK] Market Intelligence scan starting...
[2026-04-07 05:05 PM IST] [TASK] Market update — cooldown active, skipped alert
[2026-04-07 05:06 PM IST] [TASK] Content ideation scan...
[2026-04-07 05:07 PM IST] [TASK] Market Intelligence scan starting...
[2026-04-07 05:08 PM IST] [TASK] Market update — cooldown active, skipped alert
[2026-04-07 05:09 PM IST] [TASK] Competitor watch scan...
